,rp,GARCH,GJR,EGARCH,TARCH,APARCH12,APARCH15,APARCH18,APARCH20
2000-01-01,0.007244886973045834,0.001940688153460541,0.0016340684090320006,0.001680176364337393,0.00162459972653467,0.0015962147486318936,0.0016067888214844083,0.0016249366988983402,0.0016340684090320006
2000-02-01,0.005702632910923747,0.0020790995596453215,0.002093271030776341,0.002282480580069687,0.002282007458414125,0.0022286599346420313,0.002169479845916238,0.002121494606006314,0.002093271030776341
2000-03-01,0.006598135269575282,0.0019803222614952747,0.0020328428809148875,0.00229566594821832,0.002328334609355824,0.0022493618087357317,0.002151675502393516,0.002074058960698505,0.0020328428809148875
2000-04-01,0.006940167420449132,0.002394042758033369,0.0019052076114317285,0.0021823451095539666,0.002158418753918394,0.0020486767920954814,0.0019628619380546433,0.0019263381131884739,0.0019052076114317285
2000-05-01,0.005497413620399438,0.0023261039939858636,0.0020472557701834413,0.002443824737726836,0.00248188541759558,0.0023435567913476685,0.0021944369432010573,0.0020985566460404188,0.0020472557701834413
2000-06-01,0.005746164275580419,0.0022107908034404884,0.002045390308130078,0.0025010759552359383,0.0025772286913501564,0.002420724252566641,0.002239973997913463,0.0021117074605276715,0.002045390308130078
2000-07-01,0.006874248496826172,0.0020574260853545813,0.0018909003233631102,0.002157492463369881,0.0021808844168434167,0.0021005690556031246,0.002004660243312542,0.001930976179448535,0.0018909003233631102
2000-08-01,0.005983721151278256,0.0019526835928083863,0.0018529344247326688,0.002159007471769609,0.002205481222713467,0.0021102201444028294,0.0019897310916568256,0.001898510782592026,0.0018529344247326688
2000-09-01,0.0071665305166638245,0.0020114158273810408,0.0017450628113075085,0.001976621358161679,0.0019737940554362737,0.0018921096374790696,0.0018171855109663372,0.001769082381079021,0.0017450628113075085
2000-10-01,0.005615570181610404,0.0021643768726374384,0.002234990910169989,0.0025875394346488623,0.0026498303224647144,0.002542482373274577,0.002404553501069572,0.0022930779538852674,0.002234990910169989
2000-11-01,0.0059464085530011096,0.0020193469871556857,0.0020723343140396674,0.0023764386545767464,0.0024340766302920007,0.0023402895942385045,0.002218969659889161,0.0021218546264767995,0.0020723343140396674
2000-12-01,0.004961355958484422,0.0024420560590286394,0.0030529759925744925,0.003396229379335945,0.003538325251787765,0.0034410849408192897,0.0032825855893079126,0.003131180418205548,0.0030529759925744925
2001-01-01,0.0057887211844237,0.002228120896187735,0.0026643807093765385,0.0028279527256469504,0.0029165035850049954,0.0028864531398195927,0.002811888576013698,0.0027201652645159422,0.0026643807093765385
2001-02-01,0.0059299933127021495,0.0020907436304414906,0.0023864536419610474,0.002419946659778915,0.0024556764696756733,0.0024690822791891523,0.002458977864995656,0.0024188010734595045,0.0023864536419610474
2001-03-01,0.005023667774761184,0.002654438264425314,0.0036227602315580566,0.0036743077917885266,0.003780703872019996,0.0038144016501352853,0.003783275580963938,0.0036897533383336736,0.0036227602315580566
2001-04-01,0.005213395560565091,0.002827953589889599,0.003987165983341794,0.004229903509881145,0.004491696786139383,0.004461538174614021,0.004317882536866286,0.004118263887819205,0.003987165983341794
2001-05-01,0.006249391167940381,0.0029395996652846423,0.0034853048919154007,0.0035962565843338213,0.00376771788453688,0.003738343410383576,0.0036749165559344286,0.0035727279123725594,0.0034853048919154007
2001-06-01,0.005754597481940984,0.002633412634170635,0.0029973518641757367,0.0029518065664479263,0.0030596886749999492,0.0030925766763235008,0.0031051513611881345,0.0030584937363634327,0.0029973518641757367
2001-07-01,0.005575789280931546,0.002473857311107629,0.0027889057986823086,0.002914864739424211,0.0030549906899602092,0.003031053365442543,0.0029691554923397647,0.0028730159226894067,0.0027889057986823086
2001-08-01,0.005562822273988114,0.0022800244362262074,0.002488605551141271,0.002659301416772178,0.002785683286577959,0.002745798369354574,0.002670076268590293,0.002574422754863619,0.002488605551141271
2001-09-01,0.00527140585478571,0.0024897574052602407,0.00304600193329959,0.0033490084926908804,0.0035603132646455492,0.003485170165008067,0.003331003339333336,0.0031609853145181262,0.00304600193329959
2001-10-01,0.005077583224683877,0.0028812923774467775,0.003908627861524454,0.004292793810810378,0.004655980850284602,0.0045499261371742235,0.004319809376345785,0.004068436612404462,0.003908627861524454
2001-11-01,0.005877442810878765,0.0026095264439849916,0.003343341058118652,0.00343798796920017,0.003676079058719507,0.0036796980739190704,0.0035954658786077694,0.0029744367067735915,0.003343341058118652
2001-12-01,0.006222092205954208,0.0027750989296348233,0.002987700531063449,0.0030120676925976453,0.003155347716948766,0.0031413413032148796,0.0031266536489637036,0.0030578099519234375,0.002987700531063449
2002-01-01,0.005323237453969977,0.0024865948312957956,0.0025898498874982676,0.0024785248402886214,0.002549503367116215,0.00260337273578036,0.0026605882196030404,0.0026378223200468147,0.0025898498874982676
2002-02-01,0.004792493687228812,0.0023060791280182535,0.0023558791399630437,0.00237174824679905,0.0024422747174078275,0.002455024125718649,0.0024574201870527263,0.0024122259827797543,0.0023558791399630437
2002-03-01,0.004642841346442779,0.0021686379323884205,0.0022036934420491625,0.0023559425459638854,0.002437849958233531,0.0024055660483646795,0.002348902562373262,0.002272846890592027,0.0022036934420491625
2002-04-01,0.0057808951938156375,0.0020784830830444904,0.001999197439106583,0.002066051939584285,0.0020890450718313498,0.0020864828929724947,0.002082133026133879,0.0020466057480888747,0.001999197439106583
2002-05-01,0.004136459588666782,0.002274516493539064,0.002590173457161667,0.0027862616386835283,0.0028772468723976567,0.002844704282497355,0.0027644731413502353,0.002663154550872358,0.002590173457161667
2002-06-01,0.004806414835208908,0.002113382979006965,0.0023436760350488443,0.0025194616946142175,0.0025962756682341975,0.0025601890730938045,0.002484916477577495,0.002402972652929144,0.0023436760350488443
2002-07-01,0.0037849506021693548,0.0023900127633688824,0.003019021548853352,0.0033319613202857645,0.0034891327619359074,0.003421961087511628,0.003272549344272297,0.0031177822380558614,0.003019021548853352
2002-08-01,0.003617896826408201,0.0026557974778133537,0.003638495294017763,0.004087468831553829,0.004376254258249636,0.004261468906036137,0.004023563996686715,0.0037842820231481335,0.003638495294017763
2002-09-01,0.0051300815257461435,0.002427088023084263,0.00313610722269791,0.003271003885434858,0.003459007253476387,0.003465591265213902,0.00337277986069261,0.0032359870821737037,0.00313610722269791
2002-10-01,0.0032437659744431174,0.003124492643602668,0.0048830208876350575,0.004899444699918757,0.00523642891105458,0.005273124336091828,0.005168974379172244,0.004998703530074797,0.0048830208876350575
2002-11-01,0.006407346852919963,0.0035053424232792396,0.004267867709999915,0.004042832906857834,0.004268188059850091,0.004341372662090889,0.004386355444494793,0.0043293634359181455,0.004267867709999915
2002-12-01,0.006080199875387705,0.003380752076645066,0.003677164981696886,0.003336804555709341,0.003463126157362807,0.003570676097609466,0.0036958854734794933,0.003708528550424588,0.003677164981696886
2003-01-01,0.00352795755872591,0.0033626332303720564,0.003907842668083016,0.0038817492626737867,0.004137287342852529,0.004140622838051842,0.004116670677288616,0.004005836117879662,0.003907842668083016
2003-02-01,0.003921826806079175,0.003087407788811513,0.0035068778361250397,0.0036278791416774763,0.0039007248122205672,0.003853133545927696,0.003760301490259515,0.003618915205355379,0.0035068778361250397
2003-03-01,0.004007021094691637,0.0028066923436997535,0.003073967833826998,0.003249350229176876,0.003491782154764147,0.0034256354438628816,0.0033182989389053414,0.0031831930337015467,0.003073967833826998
2003-04-01,0.004373726945675711,0.002534192059648627,0.002627396877493138,0.002677570014894705,0.0028224463527331697,0.0028323002849998443,0.0028048662850531643,0.0027235471674059955,0.002627396877493138
2003-05-01,0.005249129128664628,0.0028057857455313045,0.0024779034257060542,0.002417076191239734,0.0024859593597640257,0.0025106790100715083,0.002542088170050767,0.0025205721060515547,0.0024779034257060542
2003-06-01,0.0049861380638174645,0.0027263697761925215,0.0022593755841081235,0.00215137236267943,0.002167338387264686,0.002204232319840527,0.002268883307980438,0.002280422246302999,0.0022593755841081235
2003-07-01,0.004414472040229497,0.0024773325642042892,0.0020058681870252313,0.0018510296320389918,0.0018281878908187222,0.00191100073120995,0.001991832143699277,0.0020195523420702024,0.0020058681870252313
2003-08-01,0.004526829725211149,0.0022704359789218185,0.001808154651931115,0.0016366975449404882,0.0016035637899831146,0.00168715187019214,0.0017760381570488108,0.0018148797524784176,0.001808154651931115
2003-09-01,0.004526829725211149,0.0020926676842266123,0.001665859948064534,0.0014782502949126574,0.0014392258827455198,0.0015204565837943745,0.0016122730134758047,0.0016613128620347765,0.001665859948064534
2003-10-01,0.004086041884129282,0.001943625535673731,0.0016163735249831485,0.0015404041155074161,0.0015268599814259511,0.0015524832997044714,0.001590016861143514,0.001613217614943901,0.0016163735249831485
2003-11-01,0.004989842163322354,0.002023370047081169,0.0015685713855456847,0.0014401867949792267,0.001415763122831682,0.0014563788191317613,0.0015131552481937956,0.0015538907540324865,0.0015685713855456847
2003-12-01,0.004405829141384755,0.0018738379821516154,0.001505431987526721,0.001333079174070073,0.0013086552317184907,0.001355387887860607,0.001422540202597752,0.0014769489896674381,0.001505431987526721
2004-01-01,0.005607417973663226,0.0019180553413371691,0.001474919797083842,0.0012640447726560069,0.001242850200318302,0.0012960057063099819,0.001372609321492895,0.0014375528496074139,0.001474919797083842
2004-02-01,0.00517067811743532,0.0018013596208983906,0.0014365384799020487,0.0011934260378159373,0.001177253278965905,0.0012330071247472838,0.0013159420363580202,0.0013904050657959908,0.0014365384799020487
2004-03-01,0.005017615083710587,0.0016933991225412614,0.0014021200206859605,0.0011345540301237864,0.001122305148632001,0.0011799759693033524,0.0012679161155066448,0.0013499298035848425,0.0014021200206859605
2004-04-01,0.004462506481402219,0.0016307284078810609,0.0014541896301021743,0.0013200633945159507,0.0013360953405778678,0.0013438492348973956,0.0013748713204652407,0.0014187283460034173,0.0014541896301021743
2004-05-01,0.004362505299368727,0.001577029093170303,0.0014906949225715663,0.0014765723507043007,0.0015138802513069132,0.0014770549122965358,0.0014589154125450245,0.0014702375359997662,0.0014906949225715663
2004-06-01,0.004972716593817998,0.001498149574155454,0.001433274769655138,0.0013491431136581397,0.0013719258283266065,0.0013633007656785958,0.0013740289344026052,0.0014041850935651533,0.001433274769655138
2004-07-01,0.005109452903945427,0.0014378033180867892,0.0013865269697004553,0.001246353584713142,0.0012651676379499324,0.0012747856825043801,0.001306000855152169,0.0013505976083981375,0.0013865269697004553
2004-08-01,0.0039073978790938515,0.0015116557327060913,0.0016404656585437907,0.0016644090379279157,0.0017121132983534803,0.0016751057766095174,0.0016426219006608637,0.0016335465430573016,0.0016404656585437907
2004-09-01,0.004746183303905392,0.001431212078041241,0.0015420490593831507,0.0014963057176681969,0.0015331539943422693,0.0015173498962090313,0.0015139871212934916,0.001526173000971612,0.0015420490593831507
2004-10-01,0.005058431892703849,0.0013585001107221612,0.0014656968395952842,0.0013473854550311538,0.0013698874149598995,0.0013913636351996885,0.001412184567666355,0.0014416901192723479,0.0014656968395952842
2004-11-01,0.005021696764609913,0.0012954534647020763,0.0014038583264705039,0.0012263701661491258,0.0012378696940864992,0.0012921975350400504,0.0013304649285235672,0.0013731571227243358,0.0014038583264705039
2004-12-01,0.005656398144455141,0.0013558763813526073,0.0013665372595216586,0.0011721731423104148,0.0011753552272634673,0.0012238232987290519,0.0012755664365731102,0.0013294670740907546,0.0013665372595216586
2005-01-01,0.005582862714623994,0.0013552350414999202,0.001331176705586654,0.0011131800978634613,0.0011139632124606699,0.0011651595381599288,0.001226789322700834,0.0012892670651139097,0.001331176705586654
2005-02-01,0.004199394017079569,0.0013827710061408937,0.0014763065897412469,0.0014005046185028918,0.0014387139559849087,0.0014497004612972705,0.001449183914120727,0.001461514593383615,0.0014763065897412469
2005-03-01,0.005237556102919226,0.0013281719156759545,0.0014089983582699474,0.0012803242183255558,0.001300976008528331,0.0013349130002817248,0.0013569700790052447,0.0013858556760717262,0.0014089983582699474
2005-04-01,0.004381016325833375,0.0013189552242774065,0.0014655077224838202,0.001453601507474197,0.001502424155274581,0.001502008250859261,0.001470471185438036,0.0014611941224860463,0.0014655077224838202
2005-05-01,0.004230785527234548,0.0013141375427958523,0.0015159062832368689,0.0016097742128401927,0.0016807352951110465,0.0016507726242834379,0.0015713090020177084,0.0015284429776502182,0.0015159062832368689
2005-06-01,0.005634434481307173,0.0013082030413268865,0.0014413537579158174,0.0014573972861748239,0.0014934897821335814,0.001491349121476942,0.0014540557690616363,0.001439959810436044,0.0014413537579158174
2005-07-01,0.004946063508622994,0.0012341494769238862,0.0013812795163170304,0.0013697564675654817,0.0014017498024767234,0.0014028761166565056,0.001379798498318498,0.001374061765753892,0.0013812795163170304
2005-08-01,0.005694975250891775,0.0012654432525115423,0.0013349291779341482,0.0012778284688630872,0.001291499579775125,0.0013007976346963242,0.001303862777239209,0.001318017287931933,0.0013349291779341482
2005-09-01,0.004546942879509692,0.001225289401822493,0.0013458082900113673,0.0013540060797357692,0.001388607447909884,0.001374359315761593,0.0013486839985405524,0.0013394540398949943,0.0013458082900113673
2005-10-01,0.004923641001369438,0.0011493789957805853,0.001291233001371531,0.0012120993177782806,0.0012330088686081282,0.0012514668853744859,0.0012678076442345244,0.0012766001219567508,0.001291233001371531
2005-11-01,0.0043585938185798185,0.0011458399953256882,0.0013484566328144055,0.0013548969212814855,0.0014009791208663151,0.0013903499279444614,0.0013737643968214234,0.0013502435761728424,0.0013484566328144055
2005-12-01,0.00562546547840575,0.0011906803092854063,0.0013024735467051752,0.0012672538376456229,0.0012916407630996518,0.0012901973345548112,0.001293800902185033,0.0012929921092671146,0.0013024735467051752
2006-01-01,0.0047059953103614485,0.001121307699582372,0.001264422513974876,0.0012235244111830532,0.0012531625118122778,0.0012461490400976817,0.0012570236461250544,0.001254523126112225,0.001264422513974876
2006-02-01,0.005294571101367685,0.00109073042453899,0.001222875826956106,0.0011303448076164422,0.001148262710608421,0.001155475297720955,0.0011906948578102568,0.0012053882390213792,0.001222875826956106
2006-03-01,0.004695195754563169,0.0010228979941338428,0.0011876564290287277,0.0010775359291716453,0.001100744639923333,0.001105722989749745,0.0011406549216900303,0.0011692310645475075,0.0011876564290287277
2006-04-01,0.005013782650612416,0.0009542901041087471,0.0011471591630340219,0.0009723191919476547,0.000989729443326611,0.0010133038544384006,0.001066342616599944,0.0011240257451396638,0.0011471591630340219
2006-05-01,0.004880588129100302,0.0008852634051075405,0.0011091072757755931,0.0008754487060515847,0.0008906967481243087,0.0009278500888436694,0.0009940182708819156,0.0010749636263524143,0.0011091072757755931
2006-06-01,0.004108419889523312,0.001024634698052897,0.0013621740832451493,0.0012354782698712405,0.0012833878729097633,0.0013006808424165027,0.0013307372816141626,0.0013632472478750496,0.0013621740832451493
2006-07-01,0.004686196124731269,0.0009556405820769115,0.0012945789034109504,0.0011480744008463093,0.0011899277139717673,0.001202921945120144,0.0012329963744460088,0.001278179900036338,0.0012945789034109504
2006-08-01,0.004610599234143312,0.0006484295160306008,0.0012267516867834308,0.0010339949138904497,0.0010669873130536264,0.0010878370810233266,0.0011289526984411494,0.0011823058292857774,0.0012267516867834308
2006-09-01,0.005114578504729692,0.000851312570194389,0.0011534302929883666,0.0009494311042716598,0.0009733690973419075,0.0009999102842556998,0.0010486570426697039,0.0011070322757265009,0.0011534302929883666
2006-10-01,0.005080379911368473,0.0008297257647544014,0.0010929605790958848,0.0008871280379173744,0.0009063540382669079,0.0009348026247191554,0.0009861840001322774,0.0010462865503240134,0.0010929605790958848
2006-11-01,0.0053287696947289034,0.0008475389790253963,0.0010560126294358308,0.0008583196242440637,0.0008759032156400806,0.0009022835759767607,0.0009520389769817188,0.0010108392969584855,0.0010560126294358308
2006-12-01,0.005055180947839155,0.0007893734530917028,0.0007370736368353426,0.0007849535555446008,0.0008018395992936853,0.0008332407743483897,0.0008879408640209666,0.0009485748935296202,0.0007370736368353426
2007-01-01,0.005008343347815667,0.0007204995895926533,0.0009237529326641822,0.0007053944878936609,0.0007226488452324552,0.0007597668647021723,0.0008191516612394747,0.000880562789493549,0.0009237529326641822
2007-02-01,0.00510739338982179,0.0006573026308945517,0.0008559117136177749,0.0006367359211082045,0.0006558250753110057,0.0006950151093889729,0.0007552739429036426,0.0008151438834466305,0.0008559117136177749
2007-03-01,0.0044831912383115026,0.000734688555269828,0.0009961668418278884,0.0008514408235016174,0.0009016140249718442,0.0009209224319077804,0.0009480392279218201,0.0009753387098115243,0.0009961668418278884
2007-04-01,0.004982179185776313,0.0006660733431668737,0.0009114216512346722,0.0007457630651821149,0.0007841803177711255,0.0008152156015963245,0.0008547621631258997,0.0008887361955005755,0.0009114216512346722
2007-05-01,0.005501724689129188,0.0007988984466068445,0.0009397116483702972,0.0007879121323584182,0.00082342191513009,0.0008485266847122763,0.0008837370956350812,0.0009171073042339962,0.0009397116483702972
2007-06-01,0.0054531341024846745,0.0008216735166509886,0.0007589807796624318,0.000777457312758884,0.0008095518468625146,0.0008313517256942557,0.0008647499868363073,0.000897735338381267,0.0007589807796624318
2007-07-01,0.0044831912383115026,0.0008493682166897537,0.001014409528832225,0.0009509740152647116,0.001009675677976898,0.0010073278903696482,0.0010059501170803478,0.0010088205876589685,0.001014409528832225
2007-08-01,0.0041542703441024885,0.0009895437604825399,0.0012819778904123455,0.00129866933617788,0.001387013077867793,0.0013617061249522075,0.0013245873382683522,0.0012951817250056927,0.0012819778904123455
2007-09-01,0.005025163166269537,0.0009124983470717757,0.0009529171760966857,0.001133450109132687,0.0011872495373406145,0.0011877375954149263,0.0011816989081553134,0.0011744145139184258,0.0009529171760966857
2007-10-01,0.005451265233767578,0.000948478974252449,0.0011234425636263855,0.0010848675916622181,0.0011207635443593808,0.0011223017338060986,0.001122164145466846,0.0011217098270116209,0.0011234425636263855
2007-11-01,0.005184017007222754,0.0008804524391598702,0.001043104767118384,0.0009723038441171086,0.0009934636736511036,0.0010073952360704044,0.001023392274979959,0.0010354284308684758,0.001043104767118384
2007-12-01,0.003952432522656047,0.0009336515265263557,0.00121980818664849,0.0014588078280311921,0.0015050880619854197,0.0015085821170048835,0.001499549263067827,0.0014839388351059728,0.00121980818664849
2008-01-01,0.004566565667770714,0.0010428258632491543,0.0013671465132872275,0.0013850237533515224,0.0014288716502511593,0.001415696774375919,0.0013945305288210758,0.0013758804282330238,0.0013671465132872275
2008-02-01,0.0034885893295493655,0.001484352657109639,0.0021538053157544117,0.0021942700053622245,0.0022628100032033543,0.002249970733804163,0.0022146811087319306,0.0021752981776620214,0.0021538053157544117
2008-03-01,0.0041282675961862095,0.0014926186065880537,0.0021576692364740266,0.002339499520938758,0.002446293247612006,0.0023855542390265336,0.002289838020333031,0.001493866712212465,0.0021576692364740266
2008-04-01,0.004552745458306337,0.001363100824605903,0.0019184295090528163,0.0020427912407528785,0.0021145289075338676,0.0020691709458851714,0.002003760741964905,0.0019479351792495178,0.0019184295090528163
2008-05-01,0.005648490637267597,0.0012492850423284022,0.0016219283332948979,0.0018776633790226482,0.0019136495325668076,0.0018799495799050586,0.001833836433609471,0.0017945901175513961,0.0016219283332948979
2008-06-01,0.005107528152519155,0.001314554822747882,0.0016022689169204946,0.001607636161554936,0.001609604764728628,0.0016142188853174768,0.0016130042648306768,0.0016065802233676538,0.0016022689169204946
2008-07-01,0.003073983045618078,0.0018559010880912158,0.002948462498822798,0.0028166711810825966,0.0028064279987943443,0.00286604922219538,0.002915293280815809,0.002938147589985918,0.002948462498822798
2008-08-01,0.00459025745542393,0.0018592660601110924,0.0025827510956754293,0.0024613555385709276,0.0024559596227908425,0.002494809685478756,0.002536281956928073,0.0025654079504309063,0.0025827510956754293
2008-09-01,0.005040401420835042,0.0016849246176522466,0.002271067698256579,0.0020710794302259325,0.0020382859187932883,0.002103959524259958,0.0021814218434069023,0.0022392981906719724,0.002271067698256579
2008-10-01,0.002892346006943419,0.0024239748683560214,0.0035905064335108867,0.0033221781687633833,0.003314747172662378,0.0034262276686881643,0.003526010599475537,0.0035733312398040827,0.0035905064335108867
2008-11-01,0.001342508231295511,0.004927717504183591,0.009301583335914205,0.0074760925101311085,0.007300946342179701,0.00788083072808983,0.0085381153566022,0.009026828774782211,0.009301583335914205
2008-12-01,0.0032102108246240724,0.004942763356521012,0.008922098799307103,0.007534435303688299,0.007878177802850122,0.008243473508161559,0.008591718244039707,0.00880684376218254,0.008922098799307103
2009-01-01,0.004427080693003236,0.004175520718802811,0.007085257093959781,0.0054763666992549065,0.005750452916566727,0.006161274302391514,0.006607816714531111,0.006919281868649874,0.007085257093959781
2009-02-01,-0.0008045438602013802,0.004772603316606648,0.007582488331103575,0.0063595252781817055,0.0069799856603516884,0.007262370246080618,0.007478768375808071,0.007558815105744237,0.007582488331103575
2009-03-01,-0.001892254847429521,0.005039655101678845,0.008683749318129506,0.007636992795405255,0.008731013131177611,0.00890830237160931,0.008921522311295794,0.008792297397799752,0.008683749318129506
2009-04-01,0.00826855754545774,0.005275892028374948,0.007408513885313174,0.00619001273738093,0.007104431116013644,0.0073224642019494085,0.007455738092499687,0.0074511161320979435,0.007408513885313174
2009-05-01,0.008884042787011225,0.005869012012648025,0.006355014657563432,0.005152794613854822,0.005873991012338077,0.006095539251185089,0.006286468455911803,0.006355005059152994,0.006355014657563432
2009-06-01,0.006252312788644604,0.005023028826197202,0.005348011461485103,0.004156531838258063,0.004679485622967687,0.00491698228552355,0.005166906760537901,0.005305238896920339,0.005348011461485103
2009-07-01,0.003710783213609095,0.004462307850310927,0.004440851232990403,0.0032861777137451246,0.0036548322719916295,0.0038967870247353085,0.004183877321072307,0.004369831722109021,0.004440851232990403
2009-08-01,0.007594707324101772,0.004468613233546295,0.0038881351679773734,0.002942034533562197,0.0031913733497289177,0.0033890145510555207,0.0036404822481988356,0.003816404858495803,0.0038881351679773734
2009-09-01,0.005254802224747578,0.004046438207058985,0.003257217673793221,0.0024391041431239113,0.0025823559707352007,0.0027626094137234566,0.0030039651262188227,0.0031819368542813256,0.003257217673793221
2009-10-01,0.005652745268855433,0.0035120218056247142,0.0027498415569111997,0.0020809906184261788,0.0021486785355291868,0.0023019885749284985,0.002516930524244884,0.0026806605154682138,0.0027498415569111997
2009-11-01,0.002145540573451527,0.0030942228950441215,0.002448656467455808,0.00207389377229598,0.002151193754032192,0.002220936655495863,0.0023263470323440453,0.0024057455055942274,0.002448656467455808
2009-12-01,0.006475160893345003,0.0033299734011387997,0.002228877716161377,0.0019230436571584617,0.001956411421006571,0.002016976396099936,0.002115562896640186,0.0021964427562066835,0.002228877716161377
2010-01-01,0.0056921087555833645,0.0029604368067617276,0.0019035224991969628,0.0016219590455798503,0.0016103436625410433,0.0016752992028919967,0.0017718278580298545,0.0018441252660692763,0.0019035224991969628
2010-02-01,0.0017518558314971785,0.002561289388685089,0.002090138842108909,0.002011724904012855,0.002053274981409532,0.0020673507536537643,0.002083429078393168,0.0020848281276510676,0.002090138842108909
2010-03-01,0.00607011675968269,0.0023338773943386024,0.0018552930962449788,0.0017612740942586128,0.001762443514747398,0.001787178176618555,0.001820904365664184,0.0018385343373200525,0.0018552930962449788
2010-04-01,0.007934529118884447,0.002632576380941514,0.001709419056815961,0.0016429417609671768,0.0016186015846806796,0.0016379912421364763,0.001670160239502913,0.0016920032742067945,0.001709419056815961
2010-05-01,0.005173148614362257,0.0023633527888655198,0.0015381019509512703,0.0014186910101958471,0.0013784776076437876,0.0014162873643450476,0.0014684994610442178,0.001508703105790984,0.0015381019509512703
2010-06-01,-0.0011632906407942276,0.0028517701281632057,0.002952515528461246,0.002721517924793028,0.002649451009786248,0.002747612388487689,0.002855728480587872,0.0029236097981771686,0.002952515528461246
2010-07-01,0.00033592754495563896,0.0028262990938046602,0.0031384408100197645,0.0031555677948599896,0.0031798681996434135,0.003204542288237529,0.0031997266038260213,0.0031672486394675107,0.0031384408100197645
2010-08-01,0.008331757868954924,0.003018869603362715,0.002763696400895052,0.0027971388019322045,0.0027840497665764597,0.0028043279388815967,0.002808663459762342,0.002788277130878487,0.002763696400895052
2010-09-01,0.000835666940205594,0.0029878136229806694,0.0030227265304521907,0.0032563342552381237,0.003342038207512825,0.0032948516555142675,0.003200389983379747,0.0030943998560561876,0.0030227265304521907
2010-10-01,0.010016776599092593,0.003589478295569479,0.0027099485339220518,0.002958795574923953,0.0030036733009419538,0.0029577956080995373,0.0028766869969636144,0.0027819900642685877,0.0027099485339220518
2010-11-01,0.006377648695221124,0.0031804196981787647,0.002361408760995295,0.0024899141208435042,0.0024871416277625906,0.0024801731108967493,0.0024541161825629024,0.002406516969686907,0.002361408760995295
2010-12-01,0.0042761804690418246,0.002804833091995625,0.002084691545487537,0.002146519533184183,0.002126746256431715,0.002127372640433033,0.0021221862518112492,0.002099790859934497,0.002084691545487537
2011-01-01,0.008061839238149269,0.002929531009238159,0.0019051816038863354,0.0019893315280876166,0.0019501921864980673,0.0019471125166309299,0.0019439832570480754,0.0019285792728498375,0.0019051816038863354
2011-02-01,0.005293292200631699,0.0026420274844416295,0.0016996437606952085,0.0017060412704051674,0.0016465073675046146,0.0016654476274706336,0.0016903089010951882,0.0016985130870018907,0.0016996437606952085
2011-03-01,0.006147357435807926,0.002439585648506871,0.001552085204705073,0.0015202093048213331,0.0014518205817028495,0.001476302201906598,0.001512468410981062,0.0015342351037820057,0.001552085204705073
2011-04-01,0.0044105670582347935,0.0021907651754962338,0.0014306089548652727,0.0013744123335781122,0.0013154573095088683,0.001334339557962321,0.001370141299785866,0.0014032863952489164,0.0014306089548652727
2011-05-01,0.005814902512048053,0.0020314240405133973,0.0013309713662818517,0.0012493655472678423,0.0011897254149744027,0.0012129930237669193,0.0012564249969516952,0.0013002042775325567,0.0013309713662818517
2011-06-01,0.0034246662498434444,0.001857707104803951,0.0013082863679574285,0.00130418763889412,0.001276586961982447,0.0012691386740302621,0.0012761602803892358,0.0012941409611662634,0.0013082863679574285
2011-07-01,0.0031552631219690644,0.0017153422739891188,0.0013144188041911674,0.001394036564301914,0.0013971675681537486,0.0013592234985788276,0.0013292692391724914,0.001317423200013934,0.0013144188041911674
2011-08-01,0.002805612253876783,0.0015023257705969763,0.0013481556176377467,0.0015149877937204197,0.0015475123300560986,0.0014789705689978862,0.001411485999396497,0.0013689771725803352,0.0013481556176377467
2011-09-01,0.0007363669525437769,0.0017797173179811897,0.0019675716471210677,0.0022115483769591555,0.002285851278124609,0.0021972574525591093,0.002096162850246559,0.0020134047904034765,0.0019675716471210677
2011-10-01,-0.00019221404140621484,0.0021121507819836976,0.002871268411221167,0.0031791210515776333,0.0033370094680126405,0.0032276748635944115,0.003086274211580806,0.002947444876764961,0.002871268411221167
2011-11-01,0.01064696286945449,0.003096143105586077,0.0025647914026330305,0.0028606385708499983,0.002938873771107005,0.0028207120001694412,0.002674370962275364,0.0026038570547981385,0.0025647914026330305
2011-12-01,0.00399786439425702,0.00292581070196462,0.002262291117314624,0.002541177335645148,0.002606268264797644,0.0024900458341316697,0.002364103855063716,0.0022965589044822497,0.002262291117314624
2012-01-01,0.0045211692076175276,0.002562027746112388,0.0019898229963510802,0.0021024582422416037,0.002110232142015844,0.002071689889528226,0.0020268292391664037,0.002003014980705096,0.0019898229963510802
2012-02-01,0.0068836656323118355,0.0023996215866817945,0.0017769312662404058,0.001837387468948001,0.0018062908605657767,0.0017840073831511675,0.0017707910767756929,0.001775676720185642,0.0017769312662404058
2012-03-01,0.006537532435205461,0.002285874766505308,0.0016066855842869132,0.0016256294401485142,0.0015717005814946767,0.0015617315193761359,0.0015708660137449693,0.0015951427458091062,0.0016066855842869132
2012-04-01,0.005823289330065321,0.0021219268891710112,0.0014690433480131224,0.0014411441499687363,0.0013767054591253287,0.0013813948533239464,0.0014120893030854173,0.0014498924539283237,0.0014690433480131224
2012-05-01,0.0036421007705219714,0.0019221416825294755,0.0013881586008413138,0.001408545934292498,0.0013706331867737256,0.0013550944278984056,0.0013592561193246666,0.0013763090145385468,0.0013881586008413138
2012-06-01,0.0007191982171792467,0.0021371976412321546,0.0022139332606526613,0.0022908458430664653,0.0022823254764156053,0.0022680683667802154,0.0022477101599318312,0.002226711054077791,0.0022139332606526613
2012-07-01,0.006246341015417558,0.00208808090323273,0.0019573340301984542,0.001980791660332966,0.001933942732802499,0.0019328519632951066,0.0019439832848238653,0.001954296708817149,0.0019573340301984542
2012-08-01,0.0045431459185449165,0.0018848479085526622,0.0017497574863962497,0.0016926161267115214,0.0016297673006406379,0.0016622123029925956,0.0017054841288991194,0.0017360462042426137,0.0017497574863962497
2012-09-01,0.005504627021618182,0.0017321890660151377,0.0015854877403262033,0.0014853582028691078,0.0014143988858923285,0.0014595794630385872,0.0015197561646259775,0.0015640691488638476,0.0015854877403262033
2012-10-01,0.005609016398523279,0.0016031181762682827,0.001453592281039894,0.001323699479238753,0.0012514239895996574,0.0013027376360847385,0.0013729826713268973,0.0014264583906227416,0.001453592281039894
2012-11-01,0.003142130596923874,0.0015068846793001773,0.0014707042128306682,0.001478006932950983,0.0014519840927663728,0.0014598750801675608,0.0014662485755804742,0.0014687858083776574,0.0014707042128306682
2012-12-01,0.00453765174081307,0.0013669397152837354,0.0013590117194687082,0.001293712994282249,0.0012587646593032029,0.0012944275542060182,0.0013284202653254483,0.0013480064764231083,0.0013590117194687082
2013-01-01,0.004965014909833649,0.001243523096367798,0.0012668106379105564,0.0011448619605146707,0.001107566118151976,0.0011605356387839512,0.0012168000307105449,0.0012488510019806776,0.0012668106379105564
2013-02-01,0.007411226733847218,0.0014249386572644635,0.001203971993957048,0.0010924357829323742,0.0010534916405878145,0.0010906715858593334,0.001139718348668991,0.0011806579915884026,0.001203971993957048
2013-03-01,0.005020737274845347,0.00124023509555827,0.001140813819062606,0.0009876957911855004,0.0009555031477652048,0.0010050408027902232,0.0010656713156152922,0.0011133577774284876,0.001140813819062606
2013-04-01,0.006558674549168229,0.0013179085935025661,0.0010978129368372496,0.000938416574348692,0.0009116099486535084,0.0009542353643854079,0.0010148029787436412,0.0010671644507073113,0.0010978129368372496
2013-05-01,0.005176759896878103,0.0011467468186486074,0.0010536651833070614,0.0008684791909155945,0.0008507500009502921,0.0008982909670869144,0.0009645606348863747,0.001020600834512724,0.0010536651833070614
2013-06-01,0.005867717223023166,0.0010815390825133415,0.0010179595870510325,0.0008156652417064319,0.0008069749294197831,0.0008550510989300025,0.0009243254074811593,0.0009830211611545133,0.0010179595870510325
2013-07-01,0.0036388226225552217,0.0010298145450097957,0.0010738417363229964,0.0009667265335589308,0.0009962649533751097,0.001013773905101692,0.001038335802195738,0.0010585207699466911,0.0010738417363229964
2013-08-01,0.0074558046258565765,0.0011681673097411892,0.0010541279765827764,0.000943498767745311,0.0009644811066535698,0.0009751662758208222,0.0010016750134869972,0.0010327303602167637,0.0010541279765827764
2013-09-01,0.002797414910878573,0.0012028325660634618,0.0013345826175616385,0.001339050814257247,0.001406295917411143,0.0013893992722373168,0.001362915040768103,0.0013429685663254522,0.0013345826175616385
2013-10-01,0.006408224163636643,0.0011820252679563465,0.0012488690226055855,0.001215901457927688,0.0012496298917150078,0.00124658283266767,0.001245410646122031,0.001246375687988157,0.0012488690226055855
2013-11-01,0.0066311136236834375,0.00123949983396576,0.0011880426526326394,0.001135609018505492,0.0011470118192066043,0.001145981212450481,0.0011598682477001164,0.0011768000443261356,0.0011880426526326394
2013-12-01,0.006040456554559432,0.001189334868980886,0.0011312825733290578,0.001046042784546097,0.0010476784175611187,0.0010571169358291417,0.0010851603321050572,0.0011136173803260267,0.0011312825733290578
2014-01-01,0.006323897640613806,0.0011148508339667007,0.0010793992581709293,0.0009621186690140318,0.0009613520610105663,0.0009809105638142381,0.0010198554757371483,0.0010569150597405795,0.0010793992581709293
2014-02-01,0.0029004510888169703,0.001356737197602413,0.0014261854968285934,0.0014217668499546148,0.0014655950195786448,0.0014618679555369407,0.0014499684164174314,0.0014346488940217503,0.0014261854968285934
2014-03-01,0.007357074821824922,0.001270713806410863,0.0013293138207197798,0.0013062000871897274,0.0013153973116221988,0.0013129296202623346,0.0013202361132337568,0.0013261668644311136,0.0013293138207197798
2014-04-01,0.004994729158839504,0.0011580156280822963,0.0012371011684220161,0.001151233501899508,0.0011504377555417377,0.0011768178715077342,0.0012055335521686658,0.001225977080545586,0.0012371011684220161
2014-05-01,0.004654059926115839,0.001058957588361071,0.0011627386130592771,0.0010299141602706345,0.0010260575550339733,0.0010705654233388237,0.0011145941372067314,0.0011455602673524387,0.0011627386130592771
2014-06-01,0.005899457285089239,0.0011494400502514957,0.0011048653485207288,0.0009506329149629862,0.0009449826397177992,0.0009914025720542436,0.0010439384738938984,0.0010829280617296743,0.0011048653485207288
2014-07-01,0.006206618068692544,0.0009469182407463661,0.0010550398633705823,0.0008791247440649799,0.0008759794510338251,0.000925018418382704,0.0009848651815157453,0.0010294830249470107,0.0010550398633705823
2014-08-01,0.003620882744904722,0.001050727929025515,0.0011054584824890848,0.0010294406837202826,0.0010644861833589766,0.0010796459975237719,0.0010928070055262764,0.0010991195091530207,0.0011054584824890848
2014-09-01,0.007122515677982399,0.0009745129979804029,0.0010657311738245735,0.0009750474562584618,0.0009968019083572272,0.0010112561352091588,0.001032381338111534,0.0010519804936473382,0.0010657311738245735
2014-10-01,0.0036599759355451424,0.0010968126255822231,0.0011219190137812549,0.0011278481952771572,0.0011844138515305887,0.0011662987145738268,0.0011426614211426408,0.0011262741826771018,0.0011219190137812549
2014-11-01,0.006156355395012003,0.0009091182330957207,0.0010678995164787313,0.001029088579575129,0.0010643232818472207,0.001062254594405533,0.001062484897251139,0.0010634921878487193,0.0010678995164787313
2014-12-01,0.006184279102612303,0.0008855316764585242,0.001024060806619183,0.0009504063704846444,0.0009739031345369226,0.0009820396103106294,0.0009986618903967208,0.001012789690357071,0.001024060806619183
2015-01-01,0.004882990882393249,0.0009593841617875352,0.0009952543390941866,0.0009462107093765776,0.0009839521358546164,0.0009769695211742197,0.0009820723492201416,0.000986837053551282,0.0009952543390941866
2015-02-01,0.003317727463834055,0.0008808778148311737,0.0012305262078680817,0.001287876808963358,0.0013677178117223882,0.0013311645823071597,0.0012884674275537957,0.0012481141201171858,0.0012305262078680817
2015-03-01,0.008054573809178765,0.0011031169972951977,0.0011746348218837559,0.0012141259632930783,0.001257184632802004,0.0012242769486051901,0.0011944035198852858,0.0011792191073594952,0.0011746348218837559
2015-04-01,0.004338997694303824,0.0010631477816257454,0.001227936133384408,0.001366640180678514,0.0014402275496339372,0.0013749832065650656,0.0013005552207859753,0.0012500683517750277,0.001227936133384408
2015-05-01,0.00521143959973026,0.0009769010458554998,0.0011472200535226674,0.001199005517626863,0.0012392166572406907,0.0012150547959398426,0.0011824092411150881,0.0011571331889565146,0.0011472200535226674
2015-06-01,0.005611736473984743,0.000904016014703013,0.0010814123885165196,0.001068299329480161,0.0010896412025290228,0.0010910700295013991,0.0010890125339290894,0.0010820496854529694,0.0010814123885165196
2015-07-01,0.004128585234759802,0.0010564604207490258,0.0011696439276836063,0.0012588347753586693,0.0013159610919742347,0.0012823055860804121,0.0012350458985307413,0.0011899593462616918,0.0011696439276836063
2015-08-01,0.005714376698152559,0.000857717572615361,0.0011001727386165355,0.001126796180007556,0.0011569352245749081,0.0011457011791793509,0.0011312789446838187,0.0011091529975620815,0.0011001727386165355
2015-09-01,0.0018191801909839419,0.0012277916798213633,0.002025331255068923,0.002056628371539498,0.002099489746239404,0.002104255249674938,0.0020761469421432055,0.002042040915139624,0.002025331255068923
2015-10-01,0.0033382555086676185,0.0013980102857789178,0.0019387496722913615,0.0021206520232298154,0.0021967232827419863,0.0021469824783428796,0.002057308695967242,0.00197757735678419,0.0019387496722913615
2015-11-01,0.008885959624938072,0.0017290866018553762,0.001755937300192437,0.0019074868653269923,0.001918590812264667,0.0018618718540908351,0.0018095300356290639,0.0017734746174735895,0.001755937300192437
2015-12-01,0.005201175577313479,0.0015636540564740026,0.0015796543907939445,0.0016925773286047946,0.001688467681965823,0.0016470104474437008,0.0016082502062888392,0.0015875656635171568,0.0015796543907939445
2016-01-01,0.0038781209300880973,0.0016528361375704823,0.001528074128452378,0.0017362825561860484,0.001760741826206009,0.0016880868509460921,0.0016031505912273221,0.001550859574220889,0.001528074128452378
2016-02-01,0.002231226291270423,0.0016005658197757546,0.0020296781343927105,0.002360060922289137,0.0024520264785834298,0.0023449488420193175,0.0021964420525874616,0.0020863520245053154,0.0020296781343927105
2016-03-01,0.004836898031795323,0.0014491543134603473,0.001794813838798956,0.002016820525361784,0.0020602939317097145,0.0019965850408045984,0.0018999252442429874,0.0018302225980028834,0.001794813838798956
2016-04-01,0.008052700655224822,0.0017035059490837913,0.0016173410132563585,0.0017788021454436837,0.0017697223440307388,0.0017136006645327446,0.001666142696777777,0.0016340856466972122,0.0016173410132563585
2016-05-01,0.0052864681560408164,0.0017037341004193802,0.0014707861944015619,0.0015830148412867698,0.0015628567373077373,0.0015256115355947262,0.001492869512413756,0.0014773084965570157,0.0014707861944015619
2016-06-01,0.0056809888773174735,0.0014112029533751814,0.0013489138003513193,0.0013851406889967327,0.0013470773370473238,0.0013417252531408269,0.001339264227170424,0.0013447298714227862,0.0013489138003513193
2016-07-01,0.004850660382537532,0.0012816595384208924,0.0012517410265439964,0.001254676496146797,0.001218002945632207,0.0012227490946937149,0.0012266608523504741,0.0012413564672615846,0.0012517410265439964
2016-08-01,0.006671878130756519,0.0012662273252591486,0.0011741192161195864,0.0011421602436859314,0.0010996696761138255,0.0011092078804010007,0.0011303722031667553,0.0011572661540137656,0.0011741192161195864
2016-09-01,0.005089207795402488,0.0011561157645282635,0.0011134931560674714,0.0010839377052867688,0.0010563898000783935,0.001061138367331694,0.0010717709411303148,0.0010960069540681204,0.0011134931560674714
2016-10-01,0.004988283889959622,0.001058325309351565,0.0010607808120351144,0.0010241541056283834,0.0010082635661429061,0.00101184440634349,0.001018619984308149,0.0010420918923035314,0.0010607808120351144
2016-11-01,0.0039423452335517395,0.0011435710610125504,0.0011369747821667262,0.0012021895638716427,0.0012269228814038113,0.001198746450472447,0.001156889917068827,0.0011398842774925577,0.0011369747821667262
2016-12-01,0.007093923553517595,0.0010404191073669052,0.0010792504978989763,0.0010988681570147886,0.0011044112242246309,0.0010882873955187363,0.0010719627945234623,0.0010732083589300248,0.0010792504978989763
2017-01-01,0.0057984836563502225,0.0009673097836639793,0.0010260821114159554,0.000993445510435811,0.0009903949971448594,0.000994188815053485,0.0009996174455018376,0.0010137212851121797,0.0010260821114159554
2017-02-01,0.005858645164253377,0.0009070392686339605,0.000981521734374329,0.0009062260240350136,0.0009006835843743906,0.0009176700543829632,0.0009399173249235183,0.0009640622790050023,0.000981521734374329
2017-03-01,0.00660372230059245,0.0009470687359586739,0.0009546578691311083,0.0008606805082947498,0.0008561857180092739,0.0008714691624710702,0.0009004142225359621,0.0009328705054702546,0.0009546578691311083
2017-04-01,0.005039523095110423,0.0008744445481865828,0.0009260703915483108,0.000836865451925037,0.0008476245253884748,0.0008568963910292467,0.0008773084493070995,0.0009050823285599877,0.0009260703915483108
2017-05-01,0.0054606536504325075,0.0009362531718727989,0.0008935595656040653,0.00076538852999752,0.0007773454990682073,0.000801033106397845,0.0008357668371118374,0.0008696457607319942,0.0008935595656040653
2017-06-01,0.005456025842132265,0.000877951137275396,0.000864866698711122,0.0007064069662171298,0.000721672005160237,0.0007534482299983566,0.0008001915274046022,0.0008387020604291359,0.000864866698711122
2017-07-01,0.005326447209725469,0.0008152535627529878,0.000836805672571674,0.0006467563080050282,0.0006666493006701615,0.0007071901566751989,0.0007672952310859128,0.0008090019946539483,0.000836805672571674
2017-08-01,0.005830878314451921,0.0006751154019284508,0.0008155669842610093,0.000609908925630364,0.0006358996082934454,0.0006761389766502989,0.0007412458282301274,0.0007864964595057655,0.0008155669842610093
2017-09-01,0.005044150903410666,0.0007349008351094033,0.000795707968930124,0.000597032981648527,0.0006363620011092783,0.0006664910473406589,0.0007213896739635086,0.000768584519293954,0.000795707968930124
2017-10-01,0.006113174620766725,0.0007126591750568435,0.0007761132103938535,0.0005632880311841435,0.0006053056470838141,0.0006364881492016065,0.0006927461981942843,0.0007478687219234022,0.0007761132103938535
2017-11-01,0.006006735029861144,0.0007065410806506121,0.00076056028841068,0.0005404597359218889,0.0005864824175657171,0.0006166641976636187,0.0006721260131362991,0.0007315002084546746,0.00076056028841068
2017-12-01,0.006404726543682014,0.000747210456980098,0.0007550542333287864,0.0005387032856878785,0.0005896513246721334,0.0006165943914545142,0.0006685711823872099,0.0007253436024146937,0.0007550542333287864
2018-01-01,0.005687304543065634,0.0006861795219943521,0.000728542814194462,0.0004946399148420726,0.000547396437883633,0.0005791082951913959,0.0006340873945455733,0.0006915910278235977,0.000728542814194462
2018-02-01,0.00783564709700675,0.0010093674156652387,0.0007665980875265321,0.0005675830317178358,0.0006263084440094818,0.0006474243124265976,0.0006897410286176005,0.0007364070907858102,0.0007665980875265321
2018-03-01,0.003458339862376177,0.0009825653285872357,0.0013010769710059926,0.0011540931475779131,0.0012326368065772452,0.0012542008129875245,0.0012817774355226796,0.0012957124082381868,0.0013010769710059926
2018-04-01,0.004070119530054773,0.0012084588903739665,0.001408776817091722,0.0014164673269362572,0.0015301471319374,0.0015072738350600922,0.0014735966895879948,0.0014330987060093851,0.001408776817091722
2018-05-01,0.005312648777588045,0.0010940001450774682,0.0012751461078697806,0.0012300439231382216,0.0012947715601282017,0.001298415915606078,0.0012989582433676526,0.0012859568460989955,0.0012751461078697806
2018-06-01,0.006446101030108854,0.0008694307363999952,0.0011729787626997598,0.001096290943540349,0.001128912067173568,0.00114585208783045,0.0011664108486881283,0.0011737454203597701,0.0011729787626997598
2018-07-01,0.005416983294556487,0.0009475269746656528,0.001089171987918761,0.0009751114543209493,0.0009909298799193075,0.0010213354902067514,0.001059003700107354,0.0010829315755766407,0.001089171987918761
2018-08-01,0.00670219484448594,0.0008348548024477793,0.001027174011637249,0.0009177127212924777,0.0009233758094573003,0.000949135647136012,0.000986454901702081,0.0010154269029957828,0.001027174011637249
2018-09-01,0.006820756795586443,0.001005353547815318,0.0009750144969949126,0.0008603611166470294,0.000860790144180625,0.000885327125100966,0.0009246700102265978,0.0009590638294557761,0.0009750144969949126
2018-10-01,0.005217799216707642,0.0009045737787323139,0.000928724114966739,0.0008062399617426179,0.0008111276300451283,0.0008337690224687858,0.0008732493820878071,0.0009113831015702352,0.000928724114966739
2018-11-01,0.0015566061667241088,0.0012882501329488428,0.0022086849697067965,0.001974216767804831,0.0019075112510622211,0.0019984944241663743,0.0021114394491331236,0.0021753612800136913,0.0022086849697067965
2018-12-01,0.005990823137882921,0.001198048531435557,0.0019194043997919673,0.001665325217762957,0.0015849702460866133,0.0016779843800694028,0.0017993911709515027,0.0018786521952027292,0.0019194043997919673
2019-01-01,0.0006619562365848012,0.0020604675210080135,0.004002976565911899,0.0035391524959898055,0.0033701444216259198,0.0035868221527709677,0.0038143900723129763,0.00394305037857926,0.004002976565911899
2019-02-01,0.008772592476111367,0.0029691785084826603,0.0034136748929809624,0.002960529211478838,0.002786936633186599,0.0029464955219428925,0.00315862507399923,0.0033281109534256145,0.0034136748929809624
2019-03-01,0.006532210255929643,0.002602660865257622,0.002868770516778816,0.00238517544320361,0.0022172494166602177,0.0023751686986070424,0.0025949692600206586,0.0027745781265263053,0.002868770516778816
2019-04-01,0.0054821725284909355,0.0020365411934880964,0.0024469439788040006,0.0019662634595009857,0.001805178259430288,0.001959838195675182,0.002175093340015976,0.002351815160461404,0.0024469439788040006
2019-05-01,0.006781141613727613,0.0019393799618502075,0.0021192275375061785,0.0016911005537944728,0.0015355827556126093,0.0016638935369265178,0.0018582278442923043,0.002026565042330119,0.0021192275375061785
2019-06-01,0.001852300729327819,0.002265249180843313,0.0030760561726860224,0.0027780316598857283,0.002663616468557496,0.002799044048546916,0.0029510132627883954,0.0030413494202267475,0.0030760561726860224
2019-07-01,0.008116318896462176,0.002631269252621184,0.002638760631433221,0.002357820092881509,0.002228278038699018,0.00232670830211641,0.002468441694397902,0.0025859032108074644,0.002638760631433221
2019-08-01,0.0055410108494250015,0.0022108347852431666,0.002267280669701848,0.0019360683822773929,0.0018023004368521213,0.0019196842388708685,0.002081006793162353,0.0022067090356311866,0.002267280669701848
2019-09-01,0.0038301735176498666,0.002037436775026989,0.002098301489174825,0.0019780906625111346,0.001904621944253591,0.0019512024710014375,0.002017387196261614,0.0020710986454067536,0.002098301489174825
2019-10-01,0.005622479293795246,0.0019017319601894655,0.0018360502611555198,0.001673649837699984,0.0015856783068477094,0.0016492162955470146,0.0017339380782258559,0.0018010980216390045,0.0018360502611555198
2019-11-01,0.0059211969231528095,0.0017079760299194037,0.0016245736401468973,0.0014450448216833103,0.0013523609706768652,0.001421502639071598,0.0015130344906472287,0.0015859110236496467,0.0016245736401468973
2019-12-01,0.0067358813668552545,0.0016230857546451767,0.0014581400725937426,0.0012867977034249183,0.0011947088629937327,0.0012545559470481696,0.001343294383975591,0.0014178788445138228,0.0014581400725937426
2020-01-01,0.006353558633461312,0.001483584438100543,0.0013168921709249218,0.0011509384767972985,0.0010655378199843839,0.0011202215897089512,0.0012042450001916978,0.0012770160724542964,0.0013168921709249218
2020-02-01,0.005356339209457293,0.0013483785924128322,0.0012181067967332376,0.0011069143325036991,0.0010466055353522653,0.0010783150481075065,0.0011335477350845266,0.0011861335121507726,0.0012181067967332376
2020-03-01,0.0025724349841127424,0.0021684386494073477,0.002919422408994711,0.002632852236103366,0.002446641822948121,0.0025796096141278025,0.0027395401583391685,0.0028570059288927922,0.002919422408994711
2020-04-01,0.0007649747781054601,0.003914685230169983,0.00638735539237328,0.005555784452099963,0.005276565788146494,0.005632687402154945,0.006010118808909914,0.006262040257417488,0.00638735539237328
2020-05-01,0.010103519175809754,0.005662105600997722,0.005405343442059453,0.004465290115603214,0.004242342632906324,0.004474638733724765,0.004898178492446574,0.005230769710577667,0.005405343442059453
2020-06-01,0.007323077517909662,0.0049240154135300335,0.004400277780996235,0.0033974283078560224,0.003192006984850029,0.0034211677566827526,0.003861375153773375,0.004211269945767266,0.004400277780996235
2020-07-01,0.006242756475238642,0.004164508461688527,0.0036190606978162786,0.002640324930626384,0.002442932893126838,0.0026846728058460634,0.0030960292830383798,0.0034324249096405897,0.0036190606978162786
2020-08-01,0.007413104271465581,0.0038812932892606103,0.0030277832328682117,0.0021856416126900683,0.001990961291612346,0.0021753629492915778,0.0025405613314118526,0.002851340187970076,0.0030277832328682117
2020-09-01,0.008032903844023633,0.0038666447106515695,0.002579207539163894,0.0019075320603794683,0.0017284835542873299,0.0018410009349966762,0.0021378375730114092,0.0024172874789862874,0.002579207539163894
2020-10-01,0.004134052901563479,0.0035801184194989076,0.0027395161413797118,0.0024307885469064283,0.002357733674720544,0.002400302269045492,0.0025370115764008507,0.0026676075373801597,0.0027395161413797118
2020-11-01,0.004674213422898989,0.003181428777114235,0.002558278867417085,0.0025127895964584565,0.002519749123740707,0.002487487909714516,0.002507426621521531,0.00253817464029795,0.002558278867417085
2020-12-01,0.00970186135225258,0.0041950172277460986,0.0022467594807032624,0.0022314844005023003,0.002195752930669734,0.002131480197336606,0.0021336685194914473,0.0022043994794206188,0.0022467594807032624
2021-01-01,0.007306581957285611,0.0036368189245885164,0.0019439163202237052,0.0018642967494700703,0.0017938311460127313,0.0017643520626762596,0.0018115149443557732,0.001895255050065562,0.0019439163202237052
2021-02-01,0.005585308997008261,0.003258867122473436,0.0017682153865777013,0.001810570303983336,0.0017740457415092424,0.0017083415948875623,0.0017133811336098557,0.00174454990189312,0.0017682153865777013
2021-03-01,0.006640046470539914,0.002798822874299803,0.0015553114878411093,0.0015372549556816406,0.001476841584128236,0.0014480174274793035,0.0014853448969941467,0.001528033804399993,0.0015553114878411093
2021-04-01,0.006768226371837163,0.002590124408145654,0.0013999307339168825,0.0013579747300339051,0.0012881447504212355,0.0012696339817697474,0.0013173374236686451,0.0013684541708867673,0.0013999307339168825
2021-05-01,0.007423775009900239,0.0025352733495780182,0.001288271269933623,0.0012460135818633674,0.0011758952589209384,0.0011554104350847878,0.0011962931366583734,0.0012534569646756105,0.001288271269933623
2021-06-01,0.005720813464093925,0.002190735094377081,0.0011748671845452272,0.0010947157620579647,0.001034336704212957,0.0010341365368343354,0.0010874062807600703,0.0011418468409021508,0.0011748671845452272
2021-07-01,0.006614410490280464,0.0019444857741470808,0.0010898176566053808,0.000987447577713347,0.0009367070381302866,0.0009481156287324463,0.0010031523910801103,0.0010572427943801456,0.0010898176566053808
2021-08-01,0.006101690885091466,0.001736751344786336,0.0010230834677750357,0.0009022115800072505,0.0008635610049992426,0.0008827024909774847,0.0009373640831230004,0.000990876187350475,0.0010230834677750357
2021-09-01,0.0066913184310588136,0.0016057562339655174,0.0009736488261765807,0.0008419872144876159,0.0008155002663154159,0.0008346809878747456,0.0008886177997128833,0.0009415834016458566,0.0009736488261765807
2021-10-01,0.003999540503816575,0.0020712220977612476,0.001640796768857478,0.001608540262649553,0.0015920306264442451,0.001604682253885183,0.0016243018461116153,0.001636587590797028,0.001640796768857478
2021-11-01,0.008039038536127037,0.002166485989340873,0.0014746646622580727,0.0014589808536401628,0.0014142384964196512,0.0013992912192974237,0.001434839796852912,0.0014620229840988086,0.0014746646622580727
2021-12-01,0.005032304279982984,0.0019256109716147384,0.001390808055376348,0.001471407779045439,0.0014605368208189936,0.0014169239900375002,0.0013984614317704344,0.0013922197429579578,0.001390808055376348
2022-01-01,0.007004145056656178,0.0018725861928166688,0.0012652807185676387,0.0013079150517621085,0.0012745296471649797,0.0012415412999921202,0.0012469415353137555,0.001257926825694997,0.0012652807185676387
2022-02-01,0.003926488327380406,0.0020886248330264923,0.00204796912403351,0.0021920063869210176,0.002201389693380908,0.0021542106116658054,0.0021080761068386104,0.0020703222261912227,0.00204796912403351
2022-03-01,0.0051981931313836004,0.0019853077562197747,0.0020544816715379463,0.0023714484881644064,0.002449165088000765,0.0023456788972061066,0.0022143451009487246,0.002110805446296381,0.0020544816715379463
2022-04-01,0.00695498121114059,0.0018790872808072347,0.0017880597211519203,0.001971275870682597,0.0019760863989751595,0.0019245749585908526,0.0018678159231998643,0.0018179902396556944,0.0017880597211519203
2022-05-01,0.002861271674542679,0.0028064726128793106,0.003863303003250794,0.0038300217814540073,0.0038411208785096612,0.003862829533638125,0.0038695407772681247,0.0038636691321752847,0.003863303003250794
2022-06-01,0.0058340455333851975,0.0024248957426990982,0.0031686275218321017,0.0029602510874459985,0.0029271009549912933,0.0030068476123247733,0.0030859658766618737,0.0031390049071509385,0.0031686275218321017
2022-07-01,0.0031923082343476342,0.002878048230064851,0.004664992485123509,0.004471953447066443,0.00462509448916056,0.0047066083956138665,0.0047255281764475585,0.00469354408257568,0.004664992485123509
2022-08-01,0.009082136927115006,0.003399849406344728,0.003868038294760877,0.0035514370697992217,0.00359871588482388,0.0036511026949457405,0.003770414537061855,0.0038421818825291956,0.003868038294760877
2022-09-01,0.004709832265928766,0.003293417764875746,0.0038756569704253676,0.0038667596015688897,0.004095799932075209,0.0040472984548639585,0.003997788665735453,0.003927199084189666,0.0038756569704253676
2022-10-01,0.0028842148024499532,0.004378164924966507,0.005780345361418274,0.005618029848791653,0.006174865634104824,0.006133959659036288,0.006026313621023692,0.005879141303812481,0.005780345361418274
2022-11-01,0.00851839149853627,0.004091029625279255,0.0046891739778506004,0.004257839837148469,0.004584528912562926,0.00460830832935633,0.004683698949212427,0.004702736959390687,0.0046891739778506004
2022-12-01,0.007469562794203738,0.004103508685313928,0.003815969787224158,0.003275059657213854,0.00342392561617241,0.0035019750845140586,0.0036761797226837383,0.0037810517595366017,0.003815969787224158
2023-01-01,0.004357375980402114,0.0038843440681845115,0.0044142820594686395,0.004183850927113603,0.004553582842987452,0.00454688273515775,0.004529817462302594,0.004472031128740835,0.0044142820594686395
2023-02-01,0.006881250430876355,0.0038821167828063476,0.0036216514705374424,0.003279848748907967,0.003469908396244604,0.003505600156865429,0.0035855541530827495,0.0036254868246302953,0.0036216514705374424
2023-03-01,0.005096260642328316,0.003458650913465748,0.00330550991268288,0.003248081803766841,0.003499395811747575,0.0034477647036153082,0.0034059597648938016,0.0033515155966028784,0.00330550991268288
2023-04-01,0.006078199469361823,0.003058742381084883,0.002738237971159219,0.0025704101695703968,0.002673550769148969,0.0026887728320458856,0.0027346116152832107,0.0027479458486904156,0.002738237971159219
2023-05-01,0.005716534871682156,0.002784890377057845,0.002279533163683562,0.002049464749110095,0.0020584758090913514,0.002127376115970552,0.002220977512292373,0.0022685940019807663,0.002279533163683562
2023-06-01,0.00566209073869812,0.002479660838765945,0.0019186125045482154,0.001731532654199101,0.001705833986059774,0.0017685374916439082,0.0018503354295064899,0.001901605296270867,0.0019186125045482154
2023-07-01,0.006852083931063478,0.0024013365532773454,0.0017039441893787143,0.0015498825398602353,0.0014963422901935134,0.0015285551651046962,0.0016139343826702649,0.001677278295723967,0.0017039441893787143
2023-08-01,0.006220143101784489,0.002319860140381516,0.0014867942233999301,0.0013378493530425044,0.0012702115792520429,0.0013078889261941464,0.0013941143392659202,0.0014580869758683925,0.0014867942233999301
2023-09-01,0.005137093742066344,0.0019367167643568454,0.0015132990939062839,0.001553932319283644,0.0015490280093274841,0.001532698316953912,0.001527136232649619,0.0015204587996948077,0.0015132990939062839
2023-10-01,0.004579041378979975,0.002142342035504754,0.002238263900752681,0.002395903110650343,0.0024635840897805723,0.0024187313905153713,0.0023469007217686204,0.002279907949925177,0.002238263900752681
2023-11-01,0.004985427943039386,0.0019870403257982823,0.0021610222920056175,0.0024876908764290607,0.002612481595845258,0.0025083048458347996,0.002354229586785563,0.0022301242908652915,0.0021610222920056175
2023-12-01,0.007322636794711218,0.002580968602694641,0.0018702244282450898,0.0021229605462653313,0.0021398444940526353,0.00203783712783561,0.001971177105581809,0.0019088326103768778,0.0018702244282450898
2024-01-01,0.006649125375450195,0.0024242485310918245,0.00163688121869997,0.0017881629730020707,0.0017493481184499293,0.0016922334728233547,0.0016772868260428301,0.00165468621313962,0.00163688121869997
2024-02-01,0.005948722325170845,0.0021033984998444816,0.0014493111747580114,0.0014983891390867223,0.0014362107599390573,0.0014343173603319555,0.0014509478787223854,0.0014532007021435484,0.0014493111747580114
2024-03-01,0.006686525538329189,0.0020807035147617963,0.0013121416485418582,0.0013345991764075174,0.0012603761164053458,0.0012553807152709362,0.0012883714095892774,0.0013064433370124132,0.0013121416485418582
2024-04-01,0.006307423887328473,0.001946715683136478,0.0012003348957952112,0.0011791128678556612,0.0011075329106269712,0.0011182122668762858,0.0011600390531710312,0.0011880582136249481,0.0012003348957952112
2024-05-01,0.005034118342039072,0.00199174938981999,0.0018038619537952797,0.0019096537780407881,0.0018943204631456097,0.0018768799310975154,0.001855710069522191,0.0018258086796641372,0.0018038619537952797
2024-06-01,0.006560724990463481,0.0019561030460799413,0.0015852697436237084,0.001639677558773211,0.0015848366615288662,0.0015768918091543795,0.0015916321499323705,0.0015911353063420557,0.0015852697436237084
2024-07-01,0.006300623857714111,0.002033470546150292,0.0014150405848489054,0.0014208332306571106,0.001350567625379264,0.0013576654794753922,0.0013926262960764534,0.0014102218012523723,0.0014150405848489054
2024-08-01,0.006032022687946787,0.0016493715946650786,0.001281944746770283,0.0012267362633762908,0.0011598717650332477,0.001195568887946048,0.0012409061937229948,0.0012699047991098715,0.001281944746770283
2024-09-01,0.006096622969283232,0.0014990201628416779,0.0011780837766032757,0.0010913524828720217,0.0010321475887823674,0.0010747985659973712,0.0011250520551357051,0.0011610805853715651,0.0011780837766032757
2024-10-01,0.00611702305812632,0.001339762224231922,0.0010963027679075413,0.0009842446064340917,0.0009368671087809585,0.0009834245870102348,0.0010355978865757187,0.0010758658161360995,0.0010963027679075413
2024-11-01,0.005654621044349661,0.0012443450976629266,0.0011255219515191534,0.0011335791976588609,0.0011389819094469607,0.0011421074873938146,0.0011302111887939246,0.0011262503272723447,0.0011255219515191534
2024-12-01,0.0069279265896390625,0.0014251408529077658,0.0010645768499365038,0.0010586117748959335,0.001049092333483723,0.0010415872948876055,0.0010477061764475435,0.0010577095148359907,0.0010645768499365038
