strategy,side,q,threshold,n,R2_cond,RRMSE_cond,MASE_cond,RMSE_pred,RMSE_bench,MAE_pred,MAE_bench,hit_rate_cond
CAPM,down,0.05,-0.0803146,15,0.00944665615267315,0.9952654640081342,0.9962899950201997,0.10416567968927984,0.10466120191670641,0.10198441053341609,0.10236418215897909,0.06666666666666667
CAPM,down,0.1,-0.057458199999999994,30,0.007819004374959526,0.9960828256852141,0.9970358760286439,0.0896763123678537,0.09002897154276762,0.08705435597052859,0.08731316301002152,0.03333333333333333
CAPM,down,0.15,-0.035815799999999995,45,0.0043159261894164525,0.9978397034647317,0.9999096909654,0.07948239404697088,0.07965447132539376,0.07579260334290265,0.07579944871793957,0.044444444444444446
CAPM,down,0.2,-0.026538999999999997,60,0.003851112540868118,0.9980725862677183,0.9999622805538664,0.07112474104433333,0.07126209258016347,0.06575751246345518,0.06575999289396489,0.03333333333333333
CAPM,up,0.05,0.07451725000000003,15,-0.039813588265474875,1.0197125027503955,1.0187953171948678,0.08991837835071467,0.08818012734784016,0.08875765483176708,0.08712020298262732,0.8666666666666667
CAPM,up,0.1,0.0569616,30,-0.033727898970836945,1.0167241016966388,1.0151046828397106,0.07694722336510366,0.0756815179621487,0.07485319242105543,0.07373938243655513,0.9333333333333333
CAPM,up,0.15,0.045833650000000004,45,-0.02176354872720543,1.0108232034966378,1.006301660385733,0.06824563997541301,0.06751491234009846,0.06523003069115854,0.06482154731430606,0.9555555555555556
CAPM,up,0.2,0.03796580000000001,60,-0.018301857365359275,1.0091094377545773,1.0034457807952224,0.06182292292430082,0.061264834725821476,0.057942176278825926,0.05774320584905667,0.9666666666666667
FF3,down,0.05,-0.0803146,15,-0.024086474834777105,1.0119715780765668,1.0130996698311512,0.1059141616670396,0.10466120191670641,0.10370511914779754,0.10236418215897909,0.13333333333333333
FF3,down,0.1,-0.057458199999999994,30,-0.02043959758318148,1.0101681036259171,1.0094398441176144,0.09094439545474922,0.09002897154276762,0.088137385658252,0.08731316301002152,0.1
FF3,down,0.15,-0.035815799999999995,45,-0.015341004745767384,1.0076413075821016,1.0006717961636096,0.08026313564108079,0.07965447132539376,0.07585037049679201,0.07579944871793957,0.08888888888888889
FF3,down,0.2,-0.026538999999999997,60,-0.01600836388537208,1.0079724023431258,1.0008684150932392,0.07183022265402561,0.07126209258016347,0.06581709986432531,0.06575999289396489,0.1
FF3,up,0.05,0.07451725000000003,15,0.061890827093840306,0.9685603610029474,0.9602648362585993,0.08540777597730993,0.08818012734784016,0.08365846745192855,0.08712020298262732,0.9333333333333333
FF3,up,0.1,0.0569616,30,0.04023949672878424,0.9796736718271118,0.977819884201528,0.07414319059142774,0.0756815179621487,0.07210383439520453,0.07373938243655513,0.9333333333333333
FF3,up,0.15,0.045833650000000004,45,0.03432075305294002,0.9826898019960622,0.98217093723795,0.06634621583927285,0.06751491234009846,0.0636658398789061,0.06482154731430606,0.9333333333333333
FF3,up,0.2,0.03796580000000001,60,0.031939298727795995,0.9839007578369904,0.9837375744376604,0.06027851731549372,0.061264834725821476,0.056804161262205534,0.05774320584905667,0.95
dual_0,down,0.05,-0.0803146,15,-0.005456697410115785,1.0027246368819887,1.0002198313571193,0.10494636568756192,0.10466120191670641,0.10238668501606352,0.10236418215897909,0.13333333333333333
dual_0,down,0.1,-0.057458199999999994,30,-0.014914251632380138,1.0074295268813496,1.0070643379814024,0.09069784420694488,0.09002897154276762,0.0879299727037496,0.08731316301002152,0.06666666666666667
dual_0,down,0.15,-0.035815799999999995,45,-0.01218537065407621,1.0060742371485696,1.0045105933537817,0.08013831147416814,0.07965447132539376,0.07614134920754703,0.07579944871793957,0.06666666666666667
dual_0,down,0.2,-0.026538999999999997,60,-0.01281109984620632,1.0063851647586057,1.0053052564000824,0.07171711278233084,0.07126209258016347,0.06610886651713498,0.06575999289396489,0.05
dual_0,up,0.05,0.07451725000000003,15,-0.028286724541892516,1.0140447349806085,1.010501168063494,0.08941859386699688,0.08818012734784016,0.0880350668758736,0.08712020298262732,0.7333333333333333
dual_0,up,0.1,0.0569616,30,-0.02266102865284214,1.0112670412175224,1.0076263541943007,0.07653422474443289,0.0756815179621487,0.07430174508508529,0.07373938243655513,0.8333333333333334
dual_0,up,0.15,0.045833650000000004,45,-0.02575282452338823,1.012794561855161,1.0104249846098936,0.06837873606217963,0.06751491234009846,0.0654973109474472,0.06482154731430606,0.8666666666666667
dual_0,up,0.2,0.03796580000000001,60,-0.024178310945415893,1.0120169519061506,1.0092207630403252,0.06200105129825993,0.061264834725821476,0.058275642267379545,0.05774320584905667,0.8833333333333333
dual_0.05,down,0.05,-0.0803146,15,-0.013303052303800689,1.0066295506807859,1.0049007960151255,0.10535505865912517,0.10466120191670641,0.10286584813499539,0.10236418215897909,0.13333333333333333
dual_0.05,down,0.1,-0.057458199999999994,30,-0.019221855573642754,1.0095651814388424,1.009387409094032,0.09089011499032658,0.09002897154276762,0.0881328073904905,0.08731316301002152,0.06666666666666667
dual_0.05,down,0.15,-0.035815799999999995,45,-0.01918399954500183,1.0095464325849515,1.0093389114064044,0.08041488736599157,0.07965447132539376,0.0765073330541707,0.07579944871793957,0.044444444444444446
dual_0.05,down,0.2,-0.026538999999999997,60,-0.019806035773628494,1.0098544626695614,1.0099663995570856,0.07196434221124952,0.07126209258016347,0.06641538325801725,0.06575999289396489,0.03333333333333333
dual_0.05,up,0.05,0.07451725000000003,15,-0.012804316652694547,1.0063817946747122,1.0033172044961725,0.08874287481496405,0.08818012734784016,0.08740919851166874,0.08712020298262732,0.8
dual_0.05,up,0.1,0.0569616,30,-0.000808424676878472,1.000404130677637,0.9967200807401474,0.07571210318528733,0.0756815179621487,0.07349752321589184,0.07373938243655513,0.9
dual_0.05,up,0.15,0.045833650000000004,45,-0.0009506370159768629,1.0004752055978083,0.9976040651997625,0.06754699580437801,0.06751491234009846,0.06466623911329047,0.06482154731430606,0.9333333333333333
dual_0.05,up,0.2,0.03796580000000001,60,0.00296732578159864,0.9985152348454186,0.9945161376944915,0.061173870834019387,0.061264834725821476,0.057426550059101814,0.05774320584905667,0.95
dual_0.1,down,0.05,-0.0803146,15,-0.008914982476618594,1.004447600662483,1.003360265133449,0.10512669314768741,0.10466120191670641,0.10270815295120193,0.10236418215897909,0.13333333333333333
dual_0.1,down,0.1,-0.057458199999999994,30,-0.018352331245888864,1.0091344465659118,1.0097615365073824,0.09085133637270902,0.09002897154276762,0.08816547363831889,0.08731316301002152,0.06666666666666667
dual_0.1,down,0.15,-0.035815799999999995,45,-0.018401905885140346,1.0091590092176457,1.0096626026430116,0.08038402736248973,0.07965447132539376,0.07653186867146036,0.07579944871793957,0.044444444444444446
dual_0.1,down,0.2,-0.026538999999999997,60,-0.01966599785181522,1.009785124594245,1.0109018934547698,0.071959401034907,0.07126209258016347,0.06647690133008131,0.06575999289396489,0.03333333333333333
dual_0.1,up,0.05,0.07451725000000003,15,0.011429685959193137,0.9942687333114759,0.99341032975083,0.08767474352138167,0.08818012734784016,0.08654610957293105,0.08712020298262732,1.0
dual_0.1,up,0.1,0.0569616,30,0.017302783660421595,0.9913108575717199,0.9899214996404065,0.07502391047338715,0.0756815179621487,0.07299620004415211,0.07373938243655513,1.0
dual_0.1,up,0.15,0.045833650000000004,45,0.01709994039003626,0.9914131629194579,0.9902354713619633,0.06693517278732695,0.06751491234009846,0.06418859545919367,0.06482154731430606,1.0
dual_0.1,up,0.2,0.03796580000000001,60,0.019679036036486686,0.9901115916721274,0.9881051224182654,0.06065902302391292,0.061264834725821476,0.057056357484305244,0.05774320584905667,1.0
dual_0.15,down,0.05,-0.0803146,15,-0.02219599811470152,1.0110370903753738,1.0101510340637159,0.10581635706105634,0.10466120191670641,0.1034032844589793,0.10236418215897909,0.0
dual_0.15,down,0.1,-0.057458199999999994,30,-0.032283214103565605,1.0160133926792332,1.01674430543612,0.09147064081658947,0.09002897154276762,0.08877516128005505,0.08731316301002152,0.0
dual_0.15,down,0.15,-0.035815799999999995,45,-0.02922689296810388,1.014508202513959,1.0142268574638464,0.08081011452652491,0.07965447132539376,0.07687783667068784,0.07579944871793957,0.0
dual_0.15,down,0.2,-0.026538999999999997,60,-0.029928858165293226,1.014854106837674,1.015007563699038,0.07232062731682544,0.07126209258016347,0.06674689017616936,0.06575999289396489,0.0
dual_0.15,up,0.05,0.07451725000000003,15,0.012621848682602965,0.9936690351004187,0.9907614764882908,0.08762186205676037,0.08818012734784016,0.08631534093902744,0.08712020298262732,0.9333333333333333
dual_0.15,up,0.1,0.0569616,30,0.018956432740306894,0.9904764344797373,0.9875391428207355,0.07496076006716323,0.0756815179621487,0.07282052652352605,0.07373938243655513,0.9666666666666667
dual_0.15,up,0.15,0.045833650000000004,45,0.018883947790580002,0.9905130247550608,0.9882476056475575,0.0668744000380637,0.06751491234009846,0.06405973892773283,0.06482154731430606,0.9777777777777777
dual_0.15,up,0.2,0.03796580000000001,60,0.020277294348082564,0.9898094289568662,0.9873312927323951,0.06064051107510214,0.061264834725821476,0.05701167407746192,0.05774320584905667,0.9833333333333333
dual_0.2,down,0.05,-0.0803146,15,-0.00940555566016954,1.0046917714703198,1.0032557194170062,0.10515224835790861,0.10466120191670641,0.10269745121444003,0.10236418215897909,0.06666666666666667
dual_0.2,down,0.1,-0.057458199999999994,30,-0.01989709983560939,1.0098995493788525,1.0103988678333522,0.09092021779208256,0.09002897154276762,0.08822112105227467,0.08731316301002152,0.03333333333333333
dual_0.2,down,0.15,-0.035815799999999995,45,-0.018346858793538035,1.0091317351037663,1.0090526413282896,0.0803818548573678,0.07965447132539376,0.07648563394006516,0.07579944871793957,0.022222222222222223
dual_0.2,down,0.2,-0.026538999999999997,60,-0.019247814186863277,1.009578037690432,1.0099553839737583,0.07194464358879533,0.07126209258016347,0.06641465887333593,0.06575999289396489,0.016666666666666666
dual_0.2,up,0.05,0.07451725000000003,15,-0.010750999380059634,1.0053611288388167,1.0027820786585282,0.0886528723715752,0.08818012734784016,0.08736257824007193,0.08712020298262732,0.9333333333333333
dual_0.2,up,0.1,0.0569616,30,0.001541272645379066,0.9992290665080861,0.9957082344569708,0.07562317254523279,0.0756815179621487,0.07342291029584967,0.07373938243655513,0.9666666666666667
dual_0.2,up,0.15,0.045833650000000004,45,0.0011253100330866905,0.9994371866039973,0.9967952798097239,0.0674769140430035,0.06751491234009846,0.06461381239286297,0.06482154731430606,0.9777777777777777
dual_0.2,up,0.2,0.03796580000000001,60,0.0033600658731152144,0.9983185534321622,0.9952106834794734,0.061161821179742594,0.061264834725821476,0.057466655359335615,0.05774320584905667,0.9833333333333333
past,down,0.05,-0.0803146,15,-0.015217633025465638,1.0075800876483545,1.0067329509640393,0.10545454300061717,0.10466120191670641,0.10305339517792947,0.10236418215897909,0.0
past,down,0.1,-0.057458199999999994,30,-0.02182716820389885,1.0108546721482268,1.0112596872328434,0.0910062065127064,0.09002897154276762,0.08829628191682465,0.08731316301002152,0.0
past,down,0.15,-0.035815799999999995,45,-0.021989772243746764,1.010935097938412,1.0111924881841652,0.08052550077056937,0.07965447132539376,0.07664783315208135,0.07579944871793957,0.0
past,down,0.2,-0.026538999999999997,60,-0.023300033652989827,1.0115829346390683,1.0124516812400413,0.07208751674076275,0.07126209258016347,0.06657881536382793,0.06575999289396489,0.0
past,up,0.05,0.07451725000000003,15,-0.014045511164560986,1.0069982677068323,1.0041376484627744,0.08879723548544291,0.08818012734784016,0.08748067575657499,0.08712020298262732,0.9333333333333333
past,up,0.1,0.0569616,30,-0.0017487405008467238,1.0008739883226294,0.9972235763140992,0.07574766272508648,0.0756815179621487,0.07353465066857458,0.07373938243655513,0.9666666666666667
past,up,0.15,0.045833650000000004,45,0.0010011049826925689,0.9994993221695085,0.9959362694128461,0.0674811091202622,0.06751491234009846,0.06455813000977827,0.06482154731430606,0.9777777777777777
past,up,0.2,0.03796580000000001,60,0.004972762830393829,0.9975105198290423,0.9928741338334572,0.06111231713459454,0.061264834725821476,0.05733173549214916,0.05774320584905667,0.9833333333333333
dual_pca_0,down,0.05,-0.0803146,15,-0.016164227232787765,1.0080497146633134,1.0069564036272718,0.10550369472845533,0.10466120191670641,0.10307626872705253,0.10236418215897909,0.0
dual_pca_0,down,0.1,-0.057458199999999994,30,-0.01858070556156144,1.009247593785371,1.0088910039117855,0.09086152290050988,0.09002897154276762,0.08808946468389399,0.08731316301002152,0.0
dual_pca_0,down,0.15,-0.035815799999999995,45,-0.017188884329913723,1.0085578239892414,1.007873002433033,0.08033614027095255,0.07965447132539376,0.07639621796211847,0.07579944871793957,0.0
dual_pca_0,down,0.2,-0.026538999999999997,60,-0.018974924992481768,1.0094428785188796,1.009756849048624,0.07193501186339911,0.07126209258016347,0.06640160321806989,0.06575999289396489,0.0
dual_pca_0,up,0.05,0.07451725000000003,15,0.024537460333940442,0.9876550711994848,0.9865754915412437,0.08709154995411071,0.08818012734784016,0.08595065708075847,0.08712020298262732,1.0
dual_pca_0,up,0.1,0.0569616,30,0.02128648298798641,0.9892995082440978,0.9888321629331148,0.07487168850312056,0.0756815179621487,0.07291587302809095,0.07373938243655513,1.0
dual_pca_0,up,0.15,0.045833650000000004,45,0.02339018014519656,0.9882357106757493,0.9866877167917185,0.06672064737762812,0.06751491234009846,0.063958624518459,0.06482154731430606,1.0
dual_pca_0,up,0.2,0.03796580000000001,60,0.024616977413041696,0.9876148148883543,0.9858194782255232,0.0605060584069078,0.061264834725821476,0.05692437706118603,0.05774320584905667,1.0
dual_pca_0.05,down,0.05,-0.0803146,15,-0.024892315554553957,1.012369653612036,1.011767270870858,0.10595582473103543,0.10466120191670641,0.10356872921791765,0.10236418215897909,0.0
dual_pca_0.05,down,0.1,-0.057458199999999994,30,-0.0263033595003892,1.013066315450469,1.0125059037542052,0.09120531848462672,0.09002897154276762,0.0884050930231001,0.08731316301002152,0.0
dual_pca_0.05,down,0.15,-0.035815799999999995,45,-0.022389851383211257,1.0111329543552674,1.0097885849543435,0.08054126091885233,0.07965447132539376,0.07654141806120753,0.07579944871793957,0.0
dual_pca_0.05,down,0.2,-0.026538999999999997,60,-0.02025745585269112,1.0100779454342577,1.0074571112545934,0.07198026806071738,0.07126209258016347,0.06625037247707645,0.06575999289396489,0.0
dual_pca_0.05,up,0.05,0.07451725000000003,15,0.03175107611557271,0.9839964044062496,0.9843904965989623,0.08676892825035991,0.08818012734784016,0.0857602998778709,0.08712020298262732,1.0
dual_pca_0.05,up,0.1,0.0569616,30,0.037392368503762596,0.9811256960737689,0.9802900155949155,0.07425308199053259,0.0756815179621487,0.07228598035869006,0.07373938243655513,1.0
dual_pca_0.05,up,0.15,0.045833650000000004,45,0.03291607246853179,0.983404254379382,0.9834731979638135,0.06639445202930386,0.06751491234009846,0.06375025443416323,0.06482154731430606,1.0
dual_pca_0.05,up,0.2,0.03796580000000001,60,0.030794678554029398,0.98448226060502,0.985325316270682,0.06031414298646966,0.061264834725821476,0.05689584256570486,0.05774320584905667,1.0
dual_pca_0.1,down,0.05,-0.0803146,15,-0.020183715247424683,1.0100414423415627,1.0098145148571087,0.10571215134115168,0.10466120191670641,0.10336883694561418,0.10236418215897909,0.0
dual_pca_0.1,down,0.1,-0.057458199999999994,30,-0.020781492345897767,1.0103373161206597,1.0099217190309016,0.09095962948162309,0.09002897154276762,0.08817945968110627,0.08731316301002152,0.0
dual_pca_0.1,down,0.15,-0.035815799999999995,45,-0.01734228468724819,1.008633870483858,1.0072407941165935,0.08034219771427739,0.07965447132539376,0.07634829692025746,0.07579944871793957,0.0
dual_pca_0.1,down,0.2,-0.026538999999999997,60,-0.015277499122952953,1.0076097950709655,1.0049233332094978,0.07180438250102668,0.07126209258016347,0.06608375125083608,0.06575999289396489,0.0
dual_pca_0.1,up,0.05,0.07451725000000003,15,0.030579500232879586,0.9845915395569478,0.9856337333215532,0.08682140734373765,0.08818012734784016,0.08586861091349848,0.08712020298262732,1.0
dual_pca_0.1,up,0.1,0.0569616,30,0.03141613807707089,0.9841665824050974,0.9845270913121594,0.07448322088403787,0.0756815179621487,0.07259841970541656,0.07373938243655513,1.0
dual_pca_0.1,up,0.15,0.045833650000000004,45,0.028103722048074986,0.9858479994156935,0.9865030143907583,0.06655944126121198,0.06751491234009846,0.06394665182303609,0.06482154731430606,1.0
dual_pca_0.1,up,0.2,0.03796580000000001,60,0.024871362557187804,0.9874860188594126,0.9892139053562943,0.06049816773948134,0.061264834725821476,0.05712038216573776,0.05774320584905667,1.0
dual_pca_0.15,down,0.05,-0.0803146,15,-0.020685028936961558,1.0102895767733928,1.0101170789902436,0.10573812138902394,0.10466120191670641,0.10339980867565317,0.10236418215897909,0.0
dual_pca_0.15,down,0.1,-0.057458199999999994,30,-0.01895568168601658,1.0094333468268306,1.0087425192379713,0.09087824605579342,0.09002897154276762,0.08807650001736476,0.08731316301002152,0.0
dual_pca_0.15,down,0.15,-0.035815799999999995,45,-0.016841852567913707,1.008385765750347,1.007335742268857,0.08032243506289624,0.07965447132539376,0.07635549393785582,0.07579944871793957,0.0
dual_pca_0.15,down,0.2,-0.026538999999999997,60,-0.014103019044969356,1.0070268214129003,1.0042697982651412,0.07176283857823385,0.07126209258016347,0.06604077479753924,0.06575999289396489,0.0
dual_pca_0.15,up,0.05,0.07451725000000003,15,-0.0005049228998508237,1.0002524295895767,0.9977978833037479,0.0882023866211954,0.08818012734784016,0.0869283541290584,0.08712020298262732,0.9333333333333333
dual_pca_0.15,up,0.1,0.0569616,30,0.009457232955395023,0.9952601504353548,0.9922906433855972,0.07532279895218412,0.0756815179621487,0.0731708992408259,0.07373938243655513,0.9666666666666667
dual_pca_0.15,up,0.15,0.045833650000000004,45,0.0035940600751322993,0.9982013523958317,0.9971081394185862,0.06739347680477231,0.06751491234009846,0.06463409243680157,0.06482154731430606,0.9777777777777777
dual_pca_0.15,up,0.2,0.03796580000000001,60,0.004399095948649512,0.9977980276846364,0.9965736746918247,0.061129931255849895,0.061264834725821476,0.05754535884148087,0.05774320584905667,0.9833333333333333
dual_pca_0.2,down,0.05,-0.0803146,15,-0.0030509955037771874,1.0015243359518415,1.001400454121752,0.104820740749551,0.10466120191670641,0.10250753849980342,0.10236418215897909,0.0
dual_pca_0.2,down,0.1,-0.057458199999999994,30,-0.004700906107589997,1.0023476972126937,1.0021929206851072,0.09024033230832026,0.09002897154276762,0.08750463385126835,0.08731316301002152,0.0
dual_pca_0.2,down,0.15,-0.035815799999999995,45,-0.0030482508515266016,1.0015229657134812,1.000971521560269,0.0797757823541478,0.07965447132539376,0.07587308951662555,0.07579944871793957,0.0
dual_pca_0.2,down,0.2,-0.026538999999999997,60,-0.0006277680833786103,1.0003138347955498,0.9982737339724328,0.07128445710441882,0.07126209258016347,0.06564647365225898,0.06575999289396489,0.0
dual_pca_0.2,up,0.05,0.07451725000000003,15,0.006695803800868427,0.9966464750347195,0.9965391879028204,0.08788441308933756,0.08818012734784016,0.0868186963302363,0.08712020298262732,1.0
dual_pca_0.2,up,0.1,0.0569616,30,0.009349516654051149,0.9953142636102172,0.9952212837163071,0.07532689431939946,0.0756815179621487,0.0733870028489561,0.07373938243655513,1.0
dual_pca_0.2,up,0.15,0.045833650000000004,45,0.004595165128003731,0.9976997719113683,0.9984562435070946,0.06735961264233226,0.06751491234009846,0.06472147862975942,0.06482154731430606,1.0
dual_pca_0.2,up,0.2,0.03796580000000001,60,0.0032570963696475497,0.9983701235665822,0.9994859648003632,0.06116498061550462,0.061264834725821476,0.057713523808710386,0.05774320584905667,1.0
past_pca,down,0.05,-0.0803146,15,-0.02146676032192074,1.0106763875355558,1.0108848216400315,0.10577860546830622,0.10466120191670641,0.10347839802410727,0.10236418215897909,0.0
past_pca,down,0.1,-0.057458199999999994,30,-0.01599450010743486,1.0079655252574045,1.0071254930099411,0.09074609958948968,0.09002897154276762,0.08793531234272528,0.08731316301002152,0.0
past_pca,down,0.15,-0.035815799999999995,45,-0.01334724249546726,1.0066515000214658,1.0053309138544506,0.08018429304312447,0.07965447132539376,0.07620352904926976,0.07579944871793957,0.0
past_pca,down,0.2,-0.026538999999999997,60,-0.011760203960923032,1.005862915093763,1.0033533963216674,0.07167989617836486,0.07126209258016347,0.06598051221224839,0.06575999289396489,0.0
past_pca,up,0.05,0.07451725000000003,15,0.022171795181144427,0.9888519630454579,0.9897911761982315,0.0871970920295102,0.08818012734784016,0.08623080818080338,0.08712020298262732,0.9333333333333333
past_pca,up,0.1,0.0569616,30,0.024081170668514562,0.9878860406603008,0.9881714997191879,0.07476471513078851,0.0756815179621487,0.07286715613069743,0.07373938243655513,0.9666666666666667
past_pca,up,0.15,0.045833650000000004,45,0.015236941032940376,0.9923522857166499,0.9939333879756078,0.06699857758065596,0.06751491234009846,0.06442830013592939,0.06482154731430606,0.9333333333333333
past_pca,up,0.2,0.03796580000000001,60,0.013497439971094538,0.9932283524089037,0.9952497453308077,0.060849970855331455,0.061264834725821476,0.057468910915858054,0.05774320584905667,0.95
dual_pls_0,down,0.05,-0.0803146,15,-0.006207000576522237,1.0030986993195248,1.0029723059934168,0.10498551551186636,0.10466120191670641,0.10266843983112144,0.10236418215897909,0.13333333333333333
dual_pls_0,down,0.1,-0.057458199999999994,30,-0.0072480548375095655,1.0036174843223435,1.0034505575068988,0.0903546499358803,0.09002897154276762,0.08761444210009683,0.08731316301002152,0.1
dual_pls_0,down,0.15,-0.035815799999999995,45,-0.008486358672058048,1.0042342150474948,1.0039893330613454,0.07999174548647998,0.07965447132539376,0.0761018379647418,0.07579944871793957,0.06666666666666667
dual_pls_0,down,0.2,-0.026538999999999997,60,-0.010559313198017062,1.005265792314658,1.005680418877941,0.07163734395959855,0.07126209258016347,0.06613353719901303,0.06575999289396489,0.06666666666666667
dual_pls_0,up,0.05,0.07451725000000003,15,0.003327334302123952,0.9983349466476049,0.9963922983627903,0.08803330273118501,0.08818012734784016,0.08680589928369285,0.08712020298262732,0.8666666666666667
dual_pls_0,up,0.1,0.0569616,30,0.005454067759505854,0.9972692375885732,0.9951734107717704,0.07547484971765794,0.0756815179621487,0.07338347272759055,0.07373938243655513,0.9
dual_pls_0,up,0.15,0.045833650000000004,45,0.0011881728666275349,0.9994057369924251,0.9986457035033788,0.06747479072523507,0.06751491234009846,0.06473375971987273,0.06482154731430606,0.9111111111111111
dual_pls_0,up,0.2,0.03796580000000001,60,-0.0005812184658073871,1.0002905670183075,1.000221132483156,0.06128263626617487,0.061264834725821476,0.05775597474755146,0.05774320584905667,0.9166666666666666
dual_pls_0.05,down,0.05,-0.0803146,15,0.0545473086995969,0.972343916163619,0.9664278715516114,0.10176668294208159,0.10466120191670641,0.0989275986870236,0.10236418215897909,0.26666666666666666
dual_pls_0.05,down,0.1,-0.057458199999999994,30,0.03944388794352427,0.9800796457719525,0.9786120406768541,0.08823556253884889,0.09002897154276762,0.08544571263118798,0.08731316301002152,0.26666666666666666
dual_pls_0.05,down,0.15,-0.035815799999999995,45,0.04881268294753638,0.9752883250877473,0.9699100320240288,0.07768607592469327,0.07965447132539376,0.0735186457334205,0.07579944871793957,0.28888888888888886
dual_pls_0.05,down,0.2,-0.026538999999999997,60,0.04927178526668441,0.9750529291958029,0.9687005832399065,0.06948431211091088,0.07126209258016347,0.0637017434702359,0.06575999289396489,0.2833333333333333
dual_pls_0.05,up,0.05,0.07451725000000003,15,-0.057380160080643616,1.0282899202465439,1.0231128095334863,0.09067473611784065,0.08818012734784016,0.08913379564068344,0.08712020298262732,0.6666666666666666
dual_pls_0.05,up,0.1,0.0569616,30,-0.045691953156797194,1.0225908043576362,1.0159729923227756,0.07739122432792052,0.0756815179621487,0.07491722102610045,0.07373938243655513,0.6666666666666666
dual_pls_0.05,up,0.15,0.045833650000000004,45,-0.052460023084208496,1.0258947426925475,1.0207928633669916,0.06926319362305522,0.06751491234009846,0.06616937289084941,0.06482154731430606,0.7111111111111111
dual_pls_0.05,up,0.2,0.03796580000000001,60,-0.03607873522788507,1.0178795288382045,1.0035515377658262,0.062360221105069634,0.061264834725821476,0.05794828302534947,0.05774320584905667,0.75
dual_pls_0.1,down,0.05,-0.0803146,15,0.052659934536627095,0.9733139603762873,0.9683784400271935,0.10186820893529179,0.10466120191670641,0.09912726703377164,0.10236418215897909,0.26666666666666666
dual_pls_0.1,down,0.1,-0.057458199999999994,30,0.03862832669669802,0.9804956263560293,0.9793292351796403,0.08827301284301507,0.09002897154276762,0.08550833315171964,0.08731316301002152,0.23333333333333334
dual_pls_0.1,down,0.15,-0.035815799999999995,45,0.042122505353976436,0.9787121612844216,0.9758436527981681,0.07795879978684411,0.07965447132539376,0.07396841091700157,0.07579944871793957,0.24444444444444444
dual_pls_0.1,down,0.2,-0.026538999999999997,60,0.03889274535359344,0.9803607777988705,0.9781482717255029,0.06986256050946418,0.07126209258016347,0.06432302339791311,0.06575999289396489,0.23333333333333334
dual_pls_0.1,up,0.05,0.07451725000000003,15,-0.06411723443857009,1.0315605820496294,1.0259678400891146,0.09096314349214843,0.08818012734784016,0.08938252648221139,0.08712020298262732,0.6666666666666666
dual_pls_0.1,up,0.1,0.0569616,30,-0.0524565346075776,1.0258930424793697,1.0192417570639127,0.0776411427216458,0.0756815179621487,0.07515825771944228,0.07373938243655513,0.7333333333333333
dual_pls_0.1,up,0.15,0.045833650000000004,45,-0.05408052813877129,1.0266842397440272,1.0203889346845967,0.06931649644727864,0.06751491234009846,0.06614318960865194,0.06482154731430606,0.7777777777777778
dual_pls_0.1,up,0.2,0.03796580000000001,60,-0.034686796021717425,1.017195554464193,1.0012901984918148,0.06231831752808913,0.061264834725821476,0.05781770604615567,0.05774320584905667,0.8166666666666667
dual_pls_0.15,down,0.05,-0.0803146,15,0.08786969267582034,0.9550551331332552,0.9493818431860619,0.09995721813044654,0.10466120191670641,0.09718269593432537,0.10236418215897909,0.4
dual_pls_0.15,down,0.1,-0.057458199999999994,30,0.07826830220619063,0.9600685901506254,0.9579839486815649,0.08643398778177569,0.09002897154276762,0.08364460867221757,0.08731316301002152,0.3
dual_pls_0.15,down,0.15,-0.035815799999999995,45,0.08492922201690156,0.9565933190144589,0.9512954751189391,0.07619693509950046,0.07965447132539376,0.07210767258188598,0.07579944871793957,0.3111111111111111
dual_pls_0.15,down,0.2,-0.026538999999999997,60,0.08560426415869793,0.9562404173853467,0.9498257108896367,0.06814369315260874,0.07126209258016347,0.06246053199860766,0.06575999289396489,0.2833333333333333
dual_pls_0.15,up,0.05,0.07451725000000003,15,-0.10330421112033394,1.0503828878653412,1.0466138143168333,0.0926228968159579,0.08818012734784016,0.09118120794770435,0.08712020298262732,0.6
dual_pls_0.15,up,0.1,0.0569616,30,-0.08870624960787787,1.0434108728625928,1.0376667605975785,0.07896691871645158,0.0756815179621487,0.07651690610140614,0.07373938243655513,0.6666666666666666
dual_pls_0.15,up,0.15,0.045833650000000004,45,-0.10104452211235837,1.0493066863945726,1.045445661753804,0.07084384894980876,0.06751491234009846,0.06776740542791021,0.06482154731430606,0.6666666666666666
dual_pls_0.15,up,0.2,0.03796580000000001,60,-0.08036874938044702,1.0394078840284247,1.0256055290941106,0.06367915222771725,0.061264834725821476,0.05922175118641191,0.05774320584905667,0.7333333333333333
dual_pls_0.2,down,0.05,-0.0803146,15,0.012927028595089873,0.9935154610799523,0.9940175393215344,0.10398252227945856,0.10466120191670641,0.10175179246432971,0.10236418215897909,0.13333333333333333
dual_pls_0.2,down,0.1,-0.057458199999999994,30,0.008742581384514336,0.9956191132232676,0.9969223664666198,0.08963456481181309,0.09002897154276762,0.08704444509163639,0.08731316301002152,0.1
dual_pls_0.2,down,0.15,-0.035815799999999995,45,0.008689589729801606,0.9956457252809346,0.9962336466236434,0.07930763387464108,0.07965447132539376,0.0755139612083348,0.07579944871793957,0.06666666666666667
dual_pls_0.2,down,0.2,-0.026538999999999997,60,0.004728547141991446,0.9976329249067557,1.0000575190115333,0.0710934098557245,0.07126209258016347,0.06576377534375459,0.06575999289396489,0.05
dual_pls_0.2,up,0.05,0.07451725000000003,15,-0.007692613624026734,1.0038389380891872,1.0014294601207598,0.08851864539742516,0.08818012734784016,0.08724473783850349,0.08712020298262732,0.8666666666666667
dual_pls_0.2,up,0.1,0.0569616,30,-0.011000791789680164,1.0054853513550959,1.0040348107794217,0.07609665767925808,0.0756815179621487,0.07403690689167804,0.07373938243655513,0.9
dual_pls_0.2,up,0.15,0.045833650000000004,45,-0.014702111216577052,1.0073242334107608,1.006573835495903,0.0680094073167844,0.06751491234009846,0.06524767350294021,0.06482154731430606,0.9111111111111111
dual_pls_0.2,up,0.2,0.03796580000000001,60,-0.010734869914385659,1.0053531070794905,1.0030570002077455,0.06159279194631609,0.061264834725821476,0.057919726841333126,0.05774320584905667,0.9333333333333333
past_pls,down,0.05,-0.0803146,15,0.013303673268758809,0.9933258915035091,0.9900518654952772,0.10396268169974118,0.10466120191670641,0.10134584950639562,0.10236418215897909,0.26666666666666666
past_pls,down,0.1,-0.057458199999999994,30,-0.011526762799398904,1.0057468681529158,1.006021274354119,0.09054635617216653,0.09002897154276762,0.08783889951923078,0.08731316301002152,0.2
past_pls,down,0.15,-0.035815799999999995,45,-0.009233656582090077,1.004606219661261,1.0001920305660499,0.08002137731732015,0.07965447132539376,0.07581400452898315,0.07579944871793957,0.24444444444444444
past_pls,down,0.2,-0.026538999999999997,60,-0.016237257407293315,1.0080859375109312,1.0046939695243182,0.07183831340766487,0.07126209258016347,0.06606866829652855,0.06575999289396489,0.23333333333333334
past_pls,up,0.05,0.07451725000000003,15,-0.037174256998552924,1.0184175258696961,1.0104748454453998,0.0898041871244621,0.08818012734784016,0.0880327736440422,0.08712020298262732,0.7333333333333333
past_pls,up,0.1,0.0569616,30,0.0028548991015646674,0.9985715301862133,0.9849925461279487,0.07557340919827821,0.0756815179621487,0.07263274205608498,0.07373938243655513,0.8
past_pls,up,0.15,0.045833650000000004,45,0.012049445994827934,0.993957018187996,0.9787230265070025,0.0671069209527882,0.06751491234009846,0.06344234097032449,0.06482154731430606,0.8444444444444444
past_pls,up,0.2,0.03796580000000001,60,0.026846072114828035,0.9864856450476976,0.9655925525883866,0.060436880003242585,0.061264834725821476,0.055756409530427285,0.05774320584905667,0.8833333333333333
dual_pca_shap_0,down,0.05,-0.0803146,15,-0.0008669494518962484,1.000433380816482,1.005795999883159,0.10470656007384707,0.10466120191670641,0.1029574849468122,0.10236418215897909,0.06666666666666667
dual_pca_shap_0,down,0.1,-0.057458199999999994,30,0.006187622139772753,0.9969013882326714,0.9953306800174234,0.08975000671214471,0.09002897154276762,0.08690546991323686,0.08731316301002152,0.06666666666666667
dual_pca_shap_0,down,0.15,-0.035815799999999995,45,0.009601293719687654,0.9951877743824592,0.9928040550881353,0.07927115603793003,0.07965447132539376,0.07525400006061557,0.07579944871793957,0.08888888888888889
dual_pca_shap_0,down,0.2,-0.026538999999999997,60,0.008333424543344958,0.9958245706230867,0.9941265132346063,0.07096454274534394,0.07126209258016347,0.0653737524460098,0.06575999289396489,0.08333333333333333
dual_pca_shap_0,up,0.05,0.07451725000000003,15,0.02647992056675985,0.9866712114140355,0.985712275313968,0.08700479307293736,0.08818012734784016,0.08587545350782032,0.08712020298262732,1.0
dual_pca_shap_0,up,0.1,0.0569616,30,0.02364016653852785,0.9881092214231544,0.9865491351231798,0.07478160578970122,0.0756815179621487,0.07274752396730086,0.07373938243655513,0.9666666666666667
dual_pca_shap_0,up,0.15,0.045833650000000004,45,0.023603666021230096,0.9881276911304377,0.9865590853555387,0.06671335444749539,0.06751491234009846,0.06395028642973256,0.06482154731430606,0.9777777777777777
dual_pca_shap_0,up,0.2,0.03796580000000001,60,0.024615563298855614,0.9876155308120385,0.9858040856567893,0.06050610226785398,0.061264834725821476,0.056923488244921085,0.05774320584905667,0.9833333333333333
dual_pca_shap_0.05,down,0.05,-0.0803146,15,0.013805311074548965,0.9930733552590418,0.9931345694823743,0.1039362509528677,0.10466120191670641,0.10166140797887305,0.10236418215897909,0.0
dual_pca_shap_0.05,down,0.1,-0.057458199999999994,30,0.012715865868295873,0.9936217258754481,0.9937680025380642,0.08945474208311636,0.09002897154276762,0.08676902759974948,0.08731316301002152,0.03333333333333333
dual_pca_shap_0.05,down,0.15,-0.035815799999999995,45,0.006670255865418917,0.9966592919019924,0.9984769471957622,0.0793883689879945,0.07965447132539376,0.07568400215501003,0.07579944871793957,0.022222222222222223
dual_pca_shap_0.05,down,0.2,-0.026538999999999997,60,0.003800252976814966,0.9980980648329025,1.0012565896828676,0.0711265567002043,0.07126209258016347,0.06584262622258089,0.06575999289396489,0.016666666666666666
dual_pca_shap_0.05,up,0.05,0.07451725000000003,15,0.0003040664357425449,0.9998479552233217,0.999919865219353,0.08816672002007009,0.08818012734784016,0.08711322162427139,0.08712020298262732,0.8666666666666667
dual_pca_shap_0.05,up,0.1,0.0569616,30,0.00873269004756383,0.9956240806411003,0.9942915042786872,0.07535034174258722,0.0756815179621487,0.07331844148742381,0.07373938243655513,0.9333333333333333
dual_pca_shap_0.05,up,0.15,0.045833650000000004,45,0.010649326366939826,0.9946610848088208,0.9930790173069021,0.06715445594897478,0.06751491234009846,0.06437291850720392,0.06482154731430606,0.9555555555555556
dual_pca_shap_0.05,up,0.2,0.03796580000000001,60,0.014784963922450878,0.9925799897628146,0.9893877473701279,0.06081024902497641,0.061264834725821476,0.057130420360927775,0.05774320584905667,0.9666666666666667
dual_pca_shap_0.1,down,0.05,-0.0803146,15,-0.030167271458301448,1.0149715618963426,1.0162901627149503,0.106228143579348,0.10466120191670641,0.10403171134253168,0.10236418215897909,0.13333333333333333
dual_pca_shap_0.1,down,0.1,-0.057458199999999994,30,-0.035493969897480104,1.017592241468792,1.018924343738633,0.09161278294933499,0.09002897154276762,0.08896550731973048,0.08731316301002152,0.1
dual_pca_shap_0.1,down,0.15,-0.035815799999999995,45,-0.0244004042372703,1.0121266740073942,1.009110548583398,0.08062041513238814,0.07965447132539376,0.07649002327807915,0.07579944871793957,0.15555555555555556
dual_pca_shap_0.1,down,0.2,-0.026538999999999997,60,-0.02289735737551135,1.0113838822996495,1.006648296481188,0.07207333185452278,0.07126209258016347,0.06619718482332479,0.06575999289396489,0.18333333333333332
dual_pca_shap_0.1,up,0.05,0.07451725000000003,15,0.02508607172913324,0.9873772978304022,0.9847700431209285,0.08706705586305116,0.08818012734784016,0.08579336604790595,0.08712020298262732,0.8
dual_pca_shap_0.1,up,0.1,0.0569616,30,0.029310239617530653,0.985235890729966,0.9823434483575975,0.07456414776123349,0.0756815179621487,0.07243739922248522,0.07373938243655513,0.8333333333333334
dual_pca_shap_0.1,up,0.15,0.045833650000000004,45,0.038848074056367254,0.9803835606249386,0.9753957536170661,0.06619051015526634,0.06751491234009846,0.06322666199326187,0.06482154731430606,0.8666666666666667
dual_pca_shap_0.1,up,0.2,0.03796580000000001,60,0.04404678545809948,0.9777285996338149,0.971249383211165,0.05990038106327454,0.061264834725821476,0.05608305306553163,0.05774320584905667,0.9
dual_pca_shap_0.15,down,0.05,-0.0803146,15,-0.03601900572642136,1.0178501882528792,1.0172901789275453,0.10652942407369222,0.10466120191670641,0.10413407718427967,0.10236418215897909,0.0
dual_pca_shap_0.15,down,0.1,-0.057458199999999994,30,-0.03774634448312142,1.0186983579466111,1.018345385978867,0.09171236547823955,0.09002897154276762,0.0889149566864761,0.08731316301002152,0.0
dual_pca_shap_0.15,down,0.15,-0.035815799999999995,45,-0.03704543229635493,1.0183542764167854,1.0177689037892506,0.08111647150993295,0.07965447132539376,0.07714632182948687,0.07579944871793957,0.0
dual_pca_shap_0.15,down,0.2,-0.026538999999999997,60,-0.03587469816475419,1.0177792973748063,1.0164876749168303,0.07252908251569717,0.07126209258016347,0.06684422227933366,0.06575999289396489,0.0
dual_pca_shap_0.15,up,0.05,0.07451725000000003,15,0.06040457096266216,0.9693273074856285,0.9689077679958775,0.08547540541582173,0.08818012734784016,0.08441144141924523,0.08712020298262732,1.0
dual_pca_shap_0.15,up,0.1,0.0569616,30,0.058921061194979196,0.9700922321125043,0.9692892340532558,0.07341805268956342,0.0756815179621487,0.07147478952148863,0.07373938243655513,1.0
dual_pca_shap_0.15,up,0.15,0.045833650000000004,45,0.06138354703873761,0.9688221988379819,0.9673597961560854,0.06540994582768779,0.06751491234009846,0.06270575879648915,0.06482154731430606,1.0
dual_pca_shap_0.15,up,0.2,0.03796580000000001,60,0.06337547624939,0.9677936369653449,0.9657604458048088,0.05929171721738353,0.061264834725821476,0.055766104222983816,0.05774320584905667,1.0
dual_pca_shap_0.2,down,0.05,-0.0803146,15,-0.00760110337193054,1.003793356907651,1.0036557022666595,0.1050582192099602,0.10466120191670641,0.10273839513172242,0.10236418215897909,0.0
dual_pca_shap_0.2,down,0.1,-0.057458199999999994,30,-0.009570960122557759,1.0047740841216786,1.0050447360791117,0.090458777426301,0.09002897154276762,0.08775363487363953,0.08731316301002152,0.0
dual_pca_shap_0.2,down,0.15,-0.035815799999999995,45,-0.006261627210765619,1.0031259278927875,1.0020846793401867,0.07990346545909505,0.07965447132539376,0.07595746626267941,0.07579944871793957,0.044444444444444446
dual_pca_shap_0.2,down,0.2,-0.026538999999999997,60,-0.0029754275509663586,1.0014866087726617,0.9981952861277684,0.07136803143215137,0.07126209258016347,0.0656413149225513,0.06575999289396489,0.05
dual_pca_shap_0.2,up,0.05,0.07451725000000003,15,0.0010560931914175287,0.9994718139140205,0.9976169189046801,0.08813355183151513,0.08818012734784016,0.08691258847387899,0.08712020298262732,0.9333333333333333
dual_pca_shap_0.2,up,0.1,0.0569616,30,0.006261218097034726,0.9968644751935768,0.995711202696036,0.07544421668519062,0.0756815179621487,0.07342312917196527,0.07373938243655513,0.9333333333333333
dual_pca_shap_0.2,up,0.15,0.045833650000000004,45,0.006979974420010304,0.9965039014374151,0.9952384681761033,0.06727887355211319,0.06751491234009846,0.06451289745389477,0.06482154731430606,0.9555555555555556
dual_pca_shap_0.2,up,0.2,0.03796580000000001,60,0.010201635258892727,0.9948861064167633,0.9923850595803215,0.060951532880639044,0.061264834725821476,0.05730349477687487,0.05774320584905667,0.95
past_pca_shap,down,0.05,-0.0803146,15,-0.0009546471095527309,1.0004772096902321,1.0002251074112969,0.1047111472564524,0.10466120191670641,0.10238722509503442,0.10236418215897909,0.13333333333333333
past_pca_shap,down,0.1,-0.057458199999999994,30,-0.00015447451081840313,1.0000772342728428,0.9998986606245639,0.09003592486491951,0.09002897154276762,0.08730431474861473,0.08731316301002152,0.06666666666666667
past_pca_shap,down,0.15,-0.035815799999999995,45,-0.004429514028553516,1.0022123098568254,1.002832924955996,0.07983069169744715,0.07965447132539376,0.07601418286786336,0.07579944871793957,0.044444444444444446
past_pca_shap,down,0.2,-0.026538999999999997,60,-0.00828193228762708,1.004132427664612,1.0066072941926485,0.07155657802297988,0.07126209258016347,0.06619448851312179,0.06575999289396489,0.03333333333333333
past_pca_shap,up,0.05,0.07451725000000003,15,-0.02225589670449213,1.0110667122917718,1.008355472029339,0.0891559914470505,0.08818012734784016,0.087848133401839,0.08712020298262732,0.9333333333333333
past_pca_shap,up,0.1,0.0569616,30,-0.0033264605897953547,1.001661849423145,0.996897782852509,0.07580728924911684,0.0756815179621487,0.07351062685991505,0.07373938243655513,0.9666666666666667
past_pca_shap,up,0.15,0.045833650000000004,45,0.002516014316957249,0.9987412005534979,0.9932735887963141,0.06742992460581411,0.06751491234009846,0.06438553093221086,0.06482154731430606,0.9777777777777777
past_pca_shap,up,0.2,0.03796580000000001,60,0.01005950635627706,0.9949575335881039,0.9872284807924415,0.06095590885448616,0.061264834725821476,0.05700573738644944,0.05774320584905667,0.9833333333333333
dual_pls_shap_0,down,0.05,-0.0803146,15,0.03602326369383424,0.981823169570858,0.9803344460156493,0.10275879299695626,0.10466120191670641,0.10035113380866778,0.10236418215897909,0.13333333333333333
dual_pls_shap_0,down,0.1,-0.057458199999999994,30,0.027600619146481487,0.9861031289137655,0.9859066478265852,0.08877785053121151,0.09002897154276762,0.08608262785434652,0.08731316301002152,0.1
dual_pls_shap_0,down,0.15,-0.035815799999999995,45,0.024096377580389627,0.9878783439369497,0.9887916816328969,0.07868892722010323,0.07965447132539376,0.074949864364658,0.07579944871793957,0.08888888888888889
dual_pls_shap_0,down,0.2,-0.026538999999999997,60,0.02218423410019088,0.9888456734495069,0.9905118108308731,0.07046721192885286,0.07126209258016347,0.06513604964162652,0.06575999289396489,0.08333333333333333
dual_pls_shap_0,up,0.05,0.07451725000000003,15,-0.02129373768376963,1.010590786462933,1.0104324582240616,0.08911402424685538,0.08818012734784016,0.08802908086071534,0.08712020298262732,0.8
dual_pls_shap_0,up,0.1,0.0569616,30,-0.024091533435961487,1.011974077452561,1.0105706796772955,0.07658773431995484,0.0756815179621487,0.07451885782789354,0.07373938243655513,0.8333333333333334
dual_pls_shap_0,up,0.15,0.045833650000000004,45,-0.03081266798248694,1.0152894503453125,1.014960831346678,0.06854717823989052,0.06751491234009846,0.0657913315513061,0.06482154731430606,0.8666666666666667
dual_pls_shap_0,up,0.2,0.03796580000000001,60,-0.028929991082164097,1.014361863972697,1.0132636312872014,0.06214471194846349,0.061264834725821476,0.05850909044077954,0.05774320584905667,0.9
dual_pls_shap_0.05,down,0.05,-0.0803146,15,0.0544672890922141,0.9723850630834401,0.9699944317623989,0.10177098942816523,0.10466120191670641,0.09929268670612161,0.10236418215897909,0.3333333333333333
dual_pls_shap_0.05,down,0.1,-0.057458199999999994,30,0.030026523524885662,0.9848723148079218,0.9863359826243489,0.08866704160310207,0.09002897154276762,0.08612011443352953,0.08731316301002152,0.23333333333333334
dual_pls_shap_0.05,down,0.15,-0.035815799999999995,45,0.05171661809511596,0.9737984298122913,0.9667363919869485,0.07756739910419662,0.07965447132539376,0.07327808556818063,0.07579944871793957,0.28888888888888886
dual_pls_shap_0.05,down,0.2,-0.026538999999999997,60,0.051375282769953956,0.9739736737869489,0.966831510051646,0.06940740211204749,0.07126209258016347,0.06357883323065759,0.06575999289396489,0.2833333333333333
dual_pls_shap_0.05,up,0.05,0.07451725000000003,15,-0.014718124881194283,1.0073321819941992,1.004224593617941,0.08882668008982618,0.08818012734784016,0.08748825043614146,0.08712020298262732,0.8
dual_pls_shap_0.05,up,0.1,0.0569616,30,-0.0361343142523427,1.0179068298485587,1.0127413757286825,0.07703673402697754,0.0756815179621487,0.0746789236141803,0.07373938243655513,0.7666666666666667
dual_pls_shap_0.05,up,0.15,0.045833650000000004,45,-0.03414746458709317,1.0169304128538457,1.0112819911032593,0.06865796767980753,0.06751491234009846,0.06555286343440557,0.06482154731430606,0.8222222222222222
dual_pls_shap_0.05,up,0.2,0.03796580000000001,60,-0.01734957192150799,1.0086374829052844,0.9962625885560653,0.06179400868846084,0.061264834725821476,0.05752739573070693,0.05774320584905667,0.8666666666666667
dual_pls_shap_0.1,down,0.05,-0.0803146,15,0.035196543316338036,0.9822440922111275,0.9880970009653564,0.10280284726640081,0.10466120191670641,0.10114574139755868,0.10236418215897909,0.13333333333333333
dual_pls_shap_0.1,down,0.1,-0.057458199999999994,30,0.006311790903579251,0.9968391089320388,1.0027211483966194,0.08974439977076035,0.09002897154276762,0.08755075508355001,0.08731316301002152,0.13333333333333333
dual_pls_shap_0.1,down,0.15,-0.035815799999999995,45,-0.013285167285486787,1.0066206670268036,1.0159914472880462,0.08018183705723526,0.07965447132539376,0.07701159160657547,0.07579944871793957,0.08888888888888889
dual_pls_shap_0.1,down,0.2,-0.026538999999999997,60,-0.011226467840278254,1.0055975675389626,1.0095000117200676,0.07166098695634873,0.07126209258016347,0.06638471359716912,0.06575999289396489,0.13333333333333333
dual_pls_shap_0.1,up,0.05,0.07451725000000003,15,0.014712562950123353,0.9926164601949116,0.9858184772619918,0.08752904586754962,0.08818012734784016,0.0858847058430893,0.08712020298262732,0.8666666666666667
dual_pls_shap_0.1,up,0.1,0.0569616,30,0.047842605354813106,0.9757855269705464,0.9650411794675398,0.07384892988662614,0.0756815179621487,0.07116154059978115,0.07373938243655513,0.9
dual_pls_shap_0.1,up,0.15,0.045833650000000004,45,0.05686363245284787,0.9711520826045485,0.9592728983053804,0.06556724772595016,0.06751491234009846,0.06218155356483372,0.06482154731430606,0.8888888888888888
dual_pls_shap_0.1,up,0.2,0.03796580000000001,60,0.07259075960140837,0.9630208930228833,0.9453098142777316,0.05899931584855995,0.061264834725821476,0.05458521919697259,0.05774320584905667,0.9166666666666666
dual_pls_shap_0.15,down,0.05,-0.0803146,15,0.017495441130169875,0.9912136797229093,0.9870044656415101,0.10374161507608097,0.10466120191670641,0.10103390491265336,0.10236418215897909,0.13333333333333333
dual_pls_shap_0.15,down,0.1,-0.057458199999999994,30,0.02464987753654002,0.9875981583941214,0.9833680268935163,0.08891244649775407,0.09002897154276762,0.08586097283099682,0.08731316301002152,0.1
dual_pls_shap_0.15,down,0.15,-0.035815799999999995,45,0.017219095869765777,0.9913530673429292,0.9899600313002033,0.0789657044760085,0.07965447132539376,0.07503842462534961,0.07579944871793957,0.06666666666666667
dual_pls_shap_0.15,down,0.2,-0.026538999999999997,60,0.017932561526088353,0.9909931576322369,0.9881520455765609,0.070620246145497,0.07126209258016347,0.06498087149527151,0.06575999289396489,0.06666666666666667
dual_pls_shap_0.15,up,0.05,0.07451725000000003,15,-0.02415981494048669,1.0120078136756094,1.008685454817088,0.08923897788692453,0.08818012734784016,0.08787688156928847,0.08712020298262732,0.8666666666666667
dual_pls_shap_0.15,up,0.1,0.0569616,30,-0.026079440526403985,1.012955793964576,1.0098086059004714,0.07666203211579264,0.0756815179621487,0.07446266297821945,0.07373938243655513,0.8666666666666667
dual_pls_shap_0.15,up,0.15,0.045833650000000004,45,-0.0284115975854502,1.0141063048741241,1.0112357233124671,0.06846729827711766,0.06751491234009846,0.0655498642846156,0.06482154731430606,0.8888888888888888
dual_pls_shap_0.15,up,0.2,0.03796580000000001,60,-0.02546467319167367,1.0126522962950677,1.0090144275260564,0.062039975567240925,0.061264834725821476,0.058263727793305145,0.05774320584905667,0.9166666666666666
dual_pls_shap_0.2,down,0.05,-0.0803146,15,0.08512236443859811,0.9564923604302347,0.9562476081171923,0.10010764006677592,0.10466120191670641,0.09788550434639633,0.10236418215897909,0.4666666666666667
dual_pls_shap_0.2,down,0.1,-0.057458199999999994,30,0.07340009193573971,0.9626005963348767,0.964235890630387,0.08666194169448375,0.09002897154276762,0.08419048549872427,0.08731316301002152,0.4
dual_pls_shap_0.2,down,0.15,-0.035815799999999995,45,0.06595711564202023,0.9664589408546954,0.9700111403273184,0.07698277599148076,0.07965447132539376,0.07352630968707066,0.07579944871793957,0.3111111111111111
dual_pls_shap_0.2,down,0.2,-0.026538999999999997,60,0.06484184174669638,0.9670357585184239,0.9689976401669517,0.06891299175186853,0.07126209258016347,0.06372127793164749,0.06575999289396489,0.31666666666666665
dual_pls_shap_0.2,up,0.05,0.07451725000000003,15,-0.10952381387720478,1.0533393631101067,1.0483134405501362,0.09288359917954205,0.08818012734784016,0.09132927973014428,0.08712020298262732,0.6
dual_pls_shap_0.2,up,0.1,0.0569616,30,-0.059328919628506505,1.0292370570614462,1.0177087513448397,0.0778942228213049,0.0756815179621487,0.07504521482444614,0.07373938243655513,0.7
dual_pls_shap_0.2,up,0.15,0.045833650000000004,45,-0.047167605789753875,1.023312076440884,1.0080930020111978,0.06908882513747042,0.06751491234009846,0.06534614822708969,0.06482154731430606,0.7333333333333333
dual_pls_shap_0.2,up,0.2,0.03796580000000001,60,-0.02914394854575808,1.0144673225618253,0.9924020224766541,0.06215117285149684,0.061264834725821476,0.057304474268889606,0.05774320584905667,0.7833333333333333
past_pls_shap,down,0.05,-0.0803146,15,0.021183912855239906,0.9893513466634388,0.9913116733993323,0.10354670105970758,0.10466120191670641,0.10147480871217164,0.10236418215897909,0.06666666666666667
past_pls_shap,down,0.1,-0.057458199999999994,30,0.0072397019598070544,0.9963735735356458,0.9992373483724525,0.08970248809780634,0.09002897154276762,0.0872465734841456,0.08731316301002152,0.06666666666666667
past_pls_shap,down,0.15,-0.035815799999999995,45,-0.00222275091471813,1.0011107585650643,1.0056525133526375,0.0797429482116641,0.07965447132539376,0.07622790611394029,0.07579944871793957,0.044444444444444446
past_pls_shap,down,0.2,-0.026538999999999997,60,-0.008647564753634374,1.0043144750294273,1.0111147037112242,0.07156955109914533,0.07126209258016347,0.06649089573103352,0.06575999289396489,0.03333333333333333
past_pls_shap,up,0.05,0.07451725000000003,15,-0.0036643176517061615,1.001830483490948,0.9993576183392661,0.08834153961518006,0.08818012734784016,0.08706423856195186,0.08712020298262732,0.8666666666666667
past_pls_shap,up,0.1,0.0569616,30,0.021157589592952775,0.9893646498673011,0.9834436543956234,0.07487661852004711,0.0756815179621487,0.07251852773628223,0.07373938243655513,0.9333333333333333
past_pls_shap,up,0.15,0.045833650000000004,45,0.025911454183077276,0.9869592422268118,0.9811656030000089,0.0666344667221932,0.06751491234009846,0.06360067255803471,0.06482154731430606,0.9555555555555556
past_pls_shap,up,0.2,0.03796580000000001,60,0.036384702044995776,0.9816390874221566,0.9720058901961989,0.06013995645132464,0.061264834725821476,0.05612673620409469,0.05774320584905667,0.9666666666666667
